# Blender v2.93.18 OBJ File: 'PokerSet.blend'
# www.blender.org
mtllib PokerSet.mtl
o QueenDiamonds_Plane.033
v 3.775481 -0.008951 0.714996
v 3.717914 -0.008951 0.793729
v 3.724020 -0.008951 0.715509
v 3.721591 -0.008951 0.716746
v 3.719665 -0.008951 0.718672
v 3.718428 -0.008951 0.721101
v 3.982090 -0.008951 0.793729
v 3.924523 -0.008951 0.714996
v 3.981576 -0.008951 0.721101
v 3.980339 -0.008951 0.718672
v 3.978413 -0.008951 0.716746
v 3.975984 -0.008951 0.715509
v 3.717914 -0.008951 1.006271
v 3.775481 -0.008951 1.085004
v 3.718428 -0.008951 1.078899
v 3.719665 -0.008951 1.081328
v 3.721591 -0.008951 1.083254
v 3.724020 -0.008951 1.084491
v 3.924523 -0.008951 1.085004
v 3.982090 -0.008951 1.006271
v 3.975984 -0.008951 1.084491
v 3.978413 -0.008951 1.083254
v 3.980339 -0.008951 1.081328
v 3.981576 -0.008951 1.078899
v 3.775481 -0.008101 1.085004
v 3.717914 -0.008101 1.006271
v 3.724020 -0.008101 1.084491
v 3.721591 -0.008101 1.083254
v 3.719665 -0.008101 1.081328
v 3.718428 -0.008101 1.078899
v 3.717914 -0.008101 0.793729
v 3.775481 -0.008101 0.714996
v 3.718428 -0.008101 0.721101
v 3.719665 -0.008101 0.718672
v 3.721591 -0.008101 0.716746
v 3.724020 -0.008101 0.715509
v 3.924523 -0.008101 0.714996
v 3.982090 -0.008101 0.793729
v 3.975984 -0.008101 0.715509
v 3.978413 -0.008101 0.716746
v 3.980339 -0.008101 0.718672
v 3.981576 -0.008101 0.721101
v 3.982090 -0.008101 1.006271
v 3.924523 -0.008101 1.085004
v 3.981576 -0.008101 1.078899
v 3.980339 -0.008101 1.081328
v 3.978413 -0.008101 1.083254
v 3.975984 -0.008101 1.084491
v 3.691340 -0.008767 1.041525
v 3.691340 -0.008284 1.041525
v 3.691948 -0.008284 1.114735
v 3.691948 -0.008767 1.114735
v 3.693456 -0.008284 1.117696
v 3.693456 -0.008767 1.117696
v 3.695806 -0.008284 1.120045
v 3.695806 -0.008767 1.120045
v 3.698767 -0.008284 1.121554
v 3.698767 -0.008767 1.121554
v 3.750811 -0.008284 1.122162
v 3.750811 -0.008767 1.122162
v 4.008664 -0.008284 1.041525
v 4.008664 -0.008767 1.041525
v 4.008056 -0.008767 1.114735
v 4.008056 -0.008284 1.114735
v 4.006547 -0.008767 1.117696
v 4.006547 -0.008284 1.117696
v 4.004198 -0.008767 1.120045
v 4.004198 -0.008284 1.120045
v 4.001236 -0.008767 1.121554
v 4.001236 -0.008284 1.121554
v 3.949193 -0.008767 1.122162
v 3.949193 -0.008284 1.122162
v 4.008664 -0.008767 0.758475
v 4.008664 -0.008284 0.758475
v 4.008056 -0.008284 0.685265
v 4.008056 -0.008767 0.685265
v 4.006547 -0.008284 0.682304
v 4.006547 -0.008767 0.682304
v 4.004198 -0.008284 0.679955
v 4.004198 -0.008767 0.679955
v 4.001236 -0.008284 0.678446
v 4.001236 -0.008767 0.678446
v 3.949193 -0.008284 0.677838
v 3.949193 -0.008767 0.677838
v 3.691340 -0.008284 0.758475
v 3.691340 -0.008767 0.758475
v 3.691948 -0.008767 0.685265
v 3.691948 -0.008284 0.685265
v 3.693456 -0.008767 0.682304
v 3.693456 -0.008284 0.682304
v 3.695806 -0.008767 0.679955
v 3.695806 -0.008284 0.679955
v 3.698767 -0.008767 0.678446
v 3.698767 -0.008284 0.678446
v 3.750811 -0.008767 0.677838
v 3.750811 -0.008284 0.677838
v 3.691373 -0.008115 1.041521
v 3.691979 -0.008115 1.114724
v 3.693483 -0.008115 1.117676
v 3.695826 -0.008115 1.120018
v 3.698778 -0.008115 1.121522
v 3.750814 -0.008115 1.122129
v 4.008024 -0.008115 1.114724
v 4.008631 -0.008115 1.041521
v 4.006520 -0.008115 1.117676
v 4.004178 -0.008115 1.120018
v 4.001226 -0.008115 1.121522
v 3.949190 -0.008115 1.122129
v 4.008631 -0.008115 0.758479
v 4.008024 -0.008115 0.685276
v 4.006520 -0.008115 0.682324
v 4.004178 -0.008115 0.679981
v 4.001226 -0.008115 0.678477
v 3.949190 -0.008115 0.677871
v 3.691979 -0.008115 0.685276
v 3.691373 -0.008115 0.758479
v 3.693483 -0.008115 0.682324
v 3.695826 -0.008115 0.679981
v 3.698778 -0.008115 0.678477
v 3.750814 -0.008115 0.677871
v 3.691979 -0.008937 1.114724
v 3.691373 -0.008937 1.041521
v 3.693483 -0.008937 1.117676
v 3.695826 -0.008937 1.120018
v 3.698778 -0.008937 1.121522
v 3.750814 -0.008937 1.122129
v 4.008631 -0.008937 1.041521
v 4.008024 -0.008937 1.114724
v 4.006520 -0.008937 1.117676
v 4.004178 -0.008937 1.120018
v 4.001226 -0.008937 1.121522
v 3.949190 -0.008937 1.122129
v 4.008024 -0.008937 0.685276
v 4.008631 -0.008937 0.758478
v 4.006520 -0.008937 0.682324
v 4.004178 -0.008937 0.679981
v 4.001226 -0.008937 0.678477
v 3.949190 -0.008937 0.677871
v 3.691373 -0.008937 0.758479
v 3.691979 -0.008937 0.685276
v 3.693483 -0.008937 0.682324
v 3.695826 -0.008937 0.679981
v 3.698778 -0.008937 0.678477
v 3.750814 -0.008937 0.677871
v 3.691752 -0.008937 1.112831
v 3.691581 -0.008937 1.104367
v 3.691457 -0.008937 1.082780
v 3.691340 -0.008206 1.041524
v 3.691344 -0.008157 1.041524
v 3.691354 -0.008129 1.041523
v 3.691457 -0.008115 1.082780
v 3.691581 -0.008115 1.104367
v 3.691752 -0.008115 1.112831
v 3.691948 -0.008845 1.114735
v 3.691952 -0.008894 1.114733
v 3.691961 -0.008922 1.114730
v 3.693022 -0.008937 1.116985
v 3.692616 -0.008937 1.116259
v 3.692267 -0.008937 1.115504
v 3.692267 -0.008115 1.115504
v 3.692616 -0.008115 1.116259
v 3.693022 -0.008115 1.116985
v 3.693457 -0.008845 1.117695
v 3.693460 -0.008894 1.117693
v 3.693468 -0.008922 1.117687
v 3.695173 -0.008937 1.119504
v 3.694562 -0.008937 1.118939
v 3.693998 -0.008937 1.118329
v 3.693998 -0.008115 1.118329
v 3.694562 -0.008115 1.118939
v 3.695173 -0.008115 1.119504
v 3.695807 -0.008845 1.120045
v 3.695809 -0.008894 1.120042
v 3.695814 -0.008922 1.120034
v 3.697998 -0.008937 1.121235
v 3.697242 -0.008937 1.120886
v 3.696517 -0.008937 1.120480
v 3.696517 -0.008115 1.120480
v 3.697242 -0.008115 1.120886
v 3.697998 -0.008115 1.121235
v 3.698767 -0.008845 1.121554
v 3.698768 -0.008894 1.121550
v 3.698771 -0.008922 1.121541
v 3.721792 -0.008937 1.122045
v 3.706490 -0.008937 1.121921
v 3.700340 -0.008937 1.121749
v 3.700340 -0.008115 1.121750
v 3.706490 -0.008115 1.121921
v 3.721792 -0.008115 1.122045
v 3.750811 -0.008845 1.122161
v 3.750811 -0.008894 1.122158
v 3.750812 -0.008922 1.122148
v 4.008251 -0.008115 1.112831
v 4.008423 -0.008115 1.104367
v 4.008547 -0.008115 1.082780
v 4.008663 -0.008845 1.041524
v 4.008659 -0.008894 1.041524
v 4.008650 -0.008922 1.041523
v 4.008547 -0.008937 1.082780
v 4.008423 -0.008937 1.104367
v 4.008251 -0.008937 1.112831
v 4.008055 -0.008206 1.114735
v 4.008052 -0.008157 1.114733
v 4.008042 -0.008129 1.114730
v 4.006982 -0.008115 1.116985
v 4.007388 -0.008115 1.116259
v 4.007736 -0.008115 1.115504
v 4.007736 -0.008937 1.115504
v 4.007388 -0.008937 1.116259
v 4.006982 -0.008937 1.116985
v 4.006547 -0.008206 1.117695
v 4.006544 -0.008157 1.117693
v 4.006536 -0.008129 1.117687
v 4.004831 -0.008115 1.119504
v 4.005441 -0.008115 1.118939
v 4.006006 -0.008115 1.118329
v 4.006006 -0.008937 1.118329
v 4.005441 -0.008937 1.118939
v 4.004831 -0.008937 1.119504
v 4.004197 -0.008206 1.120045
v 4.004195 -0.008157 1.120042
v 4.004189 -0.008129 1.120034
v 4.002006 -0.008115 1.121235
v 4.002761 -0.008115 1.120886
v 4.003487 -0.008115 1.120480
v 4.003487 -0.008937 1.120480
v 4.002761 -0.008937 1.120886
v 4.002006 -0.008937 1.121235
v 4.001236 -0.008206 1.121554
v 4.001235 -0.008157 1.121550
v 4.001232 -0.008129 1.121541
v 3.978212 -0.008115 1.122045
v 3.993514 -0.008115 1.121921
v 3.999663 -0.008115 1.121749
v 3.999663 -0.008937 1.121750
v 3.993514 -0.008937 1.121921
v 3.978212 -0.008937 1.122045
v 3.949193 -0.008206 1.122161
v 3.949193 -0.008157 1.122158
v 3.949192 -0.008129 1.122148
v 4.008251 -0.008937 0.687169
v 4.008423 -0.008937 0.695633
v 4.008547 -0.008937 0.717220
v 4.008663 -0.008206 0.758475
v 4.008659 -0.008157 0.758476
v 4.008650 -0.008129 0.758477
v 4.008547 -0.008115 0.717220
v 4.008423 -0.008115 0.695633
v 4.008251 -0.008115 0.687169
v 4.008055 -0.008845 0.685265
v 4.008052 -0.008894 0.685266
v 4.008042 -0.008922 0.685270
v 4.006982 -0.008937 0.683015
v 4.007388 -0.008937 0.683741
v 4.007736 -0.008937 0.684496
v 4.007736 -0.008115 0.684496
v 4.007388 -0.008115 0.683741
v 4.006982 -0.008115 0.683015
v 4.006547 -0.008845 0.682305
v 4.006544 -0.008894 0.682307
v 4.006536 -0.008922 0.682313
v 4.004831 -0.008937 0.680496
v 4.005441 -0.008937 0.681061
v 4.006006 -0.008937 0.681671
v 4.006006 -0.008115 0.681671
v 4.005441 -0.008115 0.681061
v 4.004831 -0.008115 0.680496
v 4.004197 -0.008845 0.679955
v 4.004195 -0.008894 0.679958
v 4.004189 -0.008922 0.679966
v 4.002006 -0.008937 0.678765
v 4.002761 -0.008937 0.679114
v 4.003487 -0.008937 0.679520
v 4.003487 -0.008115 0.679520
v 4.002761 -0.008115 0.679114
v 4.002006 -0.008115 0.678765
v 4.001236 -0.008845 0.678446
v 4.001235 -0.008894 0.678450
v 4.001232 -0.008922 0.678459
v 3.978212 -0.008937 0.677955
v 3.993514 -0.008937 0.678079
v 3.999663 -0.008937 0.678250
v 3.999663 -0.008115 0.678250
v 3.993514 -0.008115 0.678079
v 3.978212 -0.008115 0.677955
v 3.949193 -0.008845 0.677839
v 3.949193 -0.008894 0.677842
v 3.949192 -0.008922 0.677852
v 3.691752 -0.008115 0.687169
v 3.691581 -0.008115 0.695633
v 3.691457 -0.008115 0.717220
v 3.691340 -0.008845 0.758475
v 3.691344 -0.008894 0.758476
v 3.691354 -0.008922 0.758477
v 3.691457 -0.008937 0.717220
v 3.691581 -0.008937 0.695633
v 3.691752 -0.008937 0.687169
v 3.691948 -0.008206 0.685265
v 3.691952 -0.008157 0.685266
v 3.691961 -0.008129 0.685270
v 3.693022 -0.008115 0.683015
v 3.692616 -0.008115 0.683741
v 3.692267 -0.008115 0.684496
v 3.692267 -0.008937 0.684496
v 3.692616 -0.008937 0.683741
v 3.693022 -0.008937 0.683015
v 3.693457 -0.008206 0.682305
v 3.693460 -0.008157 0.682307
v 3.693468 -0.008129 0.682313
v 3.695173 -0.008115 0.680496
v 3.694562 -0.008115 0.681061
v 3.693998 -0.008115 0.681671
v 3.693998 -0.008937 0.681671
v 3.694562 -0.008937 0.681061
v 3.695173 -0.008937 0.680496
v 3.695807 -0.008206 0.679955
v 3.695809 -0.008157 0.679958
v 3.695814 -0.008129 0.679966
v 3.697998 -0.008115 0.678765
v 3.697242 -0.008115 0.679114
v 3.696517 -0.008115 0.679520
v 3.696517 -0.008937 0.679520
v 3.697242 -0.008937 0.679114
v 3.697998 -0.008937 0.678765
v 3.698767 -0.008206 0.678446
v 3.698768 -0.008157 0.678450
v 3.698771 -0.008129 0.678459
v 3.721792 -0.008115 0.677955
v 3.706490 -0.008115 0.678079
v 3.700340 -0.008115 0.678250
v 3.700340 -0.008937 0.678250
v 3.706490 -0.008937 0.678079
v 3.721792 -0.008937 0.677955
v 3.750811 -0.008206 0.677839
v 3.750811 -0.008157 0.677842
v 3.750812 -0.008129 0.677852
v 3.691324 -0.008937 0.977316
v 3.691307 -0.008937 0.900000
v 3.691324 -0.008937 0.822683
v 3.691324 -0.008115 0.822683
v 3.691307 -0.008115 0.900000
v 3.691324 -0.008115 0.977316
v 3.904167 -0.008937 0.677822
v 3.850002 -0.008937 0.677805
v 3.795836 -0.008937 0.677822
v 3.795836 -0.008937 1.122178
v 3.850002 -0.008937 1.122195
v 3.904167 -0.008937 1.122178
v 4.008680 -0.008937 0.977316
v 4.008697 -0.008937 0.900000
v 4.008680 -0.008937 0.822683
v 3.904167 -0.008115 0.677822
v 3.850002 -0.008115 0.677805
v 3.795836 -0.008115 0.677822
v 4.008680 -0.008115 0.977316
v 4.008697 -0.008115 0.900000
v 4.008680 -0.008115 0.822683
v 3.795836 -0.008115 1.122178
v 3.850002 -0.008115 1.122195
v 3.904167 -0.008115 1.122178
v 3.691354 -0.008922 1.041523
v 3.691344 -0.008894 1.041524
v 3.691340 -0.008845 1.041525
v 3.691340 -0.008656 1.041525
v 3.691340 -0.008526 1.041525
v 3.691340 -0.008395 1.041525
v 3.691961 -0.008129 1.114730
v 3.691952 -0.008157 1.114733
v 3.691948 -0.008206 1.114735
v 3.691948 -0.008395 1.114735
v 3.691948 -0.008526 1.114735
v 3.691948 -0.008656 1.114735
v 3.693468 -0.008129 1.117687
v 3.693460 -0.008157 1.117693
v 3.693457 -0.008206 1.117695
v 3.693456 -0.008395 1.117696
v 3.693456 -0.008526 1.117696
v 3.693456 -0.008656 1.117696
v 3.695814 -0.008129 1.120034
v 3.695809 -0.008157 1.120042
v 3.695807 -0.008206 1.120045
v 3.695806 -0.008395 1.120045
v 3.695806 -0.008526 1.120045
v 3.695806 -0.008656 1.120045
v 3.698771 -0.008129 1.121541
v 3.698768 -0.008157 1.121550
v 3.698767 -0.008206 1.121554
v 3.698767 -0.008395 1.121554
v 3.698767 -0.008526 1.121554
v 3.698767 -0.008656 1.121554
v 3.750812 -0.008129 1.122148
v 3.750811 -0.008157 1.122158
v 3.750811 -0.008206 1.122161
v 3.750811 -0.008395 1.122162
v 3.750811 -0.008526 1.122162
v 3.750811 -0.008656 1.122162
v 4.008650 -0.008129 1.041523
v 4.008659 -0.008157 1.041524
v 4.008663 -0.008206 1.041524
v 4.008664 -0.008396 1.041525
v 4.008664 -0.008526 1.041525
v 4.008664 -0.008656 1.041525
v 4.008042 -0.008922 1.114730
v 4.008052 -0.008894 1.114733
v 4.008055 -0.008845 1.114735
v 4.008056 -0.008656 1.114735
v 4.008056 -0.008526 1.114735
v 4.008056 -0.008396 1.114735
v 4.006536 -0.008922 1.117687
v 4.006544 -0.008894 1.117693
v 4.006547 -0.008845 1.117695
v 4.006547 -0.008656 1.117696
v 4.006547 -0.008526 1.117696
v 4.006547 -0.008396 1.117696
v 4.004189 -0.008922 1.120034
v 4.004195 -0.008894 1.120042
v 4.004197 -0.008845 1.120045
v 4.004198 -0.008656 1.120045
v 4.004198 -0.008526 1.120045
v 4.004198 -0.008396 1.120045
v 4.001232 -0.008922 1.121541
v 4.001235 -0.008894 1.121550
v 4.001236 -0.008845 1.121554
v 4.001236 -0.008656 1.121554
v 4.001236 -0.008526 1.121554
v 4.001236 -0.008396 1.121554
v 3.949192 -0.008922 1.122148
v 3.949193 -0.008894 1.122158
v 3.949193 -0.008845 1.122161
v 3.949193 -0.008656 1.122162
v 3.949193 -0.008526 1.122162
v 3.949193 -0.008396 1.122162
v 4.008650 -0.008922 0.758477
v 4.008660 -0.008894 0.758476
v 4.008663 -0.008845 0.758475
v 4.008664 -0.008656 0.758475
v 4.008664 -0.008526 0.758475
v 4.008664 -0.008396 0.758475
v 4.008042 -0.008129 0.685270
v 4.008052 -0.008157 0.685266
v 4.008055 -0.008206 0.685265
v 4.008056 -0.008396 0.685265
v 4.008056 -0.008526 0.685265
v 4.008056 -0.008656 0.685265
v 4.006536 -0.008129 0.682313
v 4.006544 -0.008157 0.682307
v 4.006547 -0.008206 0.682305
v 4.006547 -0.008396 0.682304
v 4.006547 -0.008526 0.682304
v 4.006547 -0.008656 0.682304
v 4.004189 -0.008129 0.679966
v 4.004195 -0.008157 0.679958
v 4.004197 -0.008206 0.679955
v 4.004198 -0.008396 0.679955
v 4.004198 -0.008526 0.679955
v 4.004198 -0.008656 0.679955
v 4.001232 -0.008129 0.678459
v 4.001235 -0.008157 0.678450
v 4.001236 -0.008206 0.678446
v 4.001236 -0.008396 0.678446
v 4.001236 -0.008526 0.678446
v 4.001236 -0.008656 0.678446
v 3.949192 -0.008129 0.677852
v 3.949193 -0.008157 0.677842
v 3.949193 -0.008206 0.677839
v 3.949193 -0.008396 0.677838
v 3.949193 -0.008526 0.677838
v 3.949193 -0.008656 0.677838
v 3.691354 -0.008129 0.758477
v 3.691344 -0.008157 0.758476
v 3.691340 -0.008206 0.758476
v 3.691340 -0.008395 0.758475
v 3.691340 -0.008526 0.758475
v 3.691340 -0.008656 0.758475
v 3.691961 -0.008922 0.685270
v 3.691952 -0.008894 0.685266
v 3.691948 -0.008845 0.685265
v 3.691948 -0.008656 0.685265
v 3.691948 -0.008526 0.685265
v 3.691948 -0.008395 0.685265
v 3.693468 -0.008922 0.682313
v 3.693460 -0.008894 0.682307
v 3.693457 -0.008845 0.682305
v 3.693456 -0.008656 0.682304
v 3.693456 -0.008526 0.682304
v 3.693456 -0.008395 0.682304
v 3.695814 -0.008922 0.679966
v 3.695809 -0.008894 0.679958
v 3.695807 -0.008845 0.679955
v 3.695806 -0.008656 0.679955
v 3.695806 -0.008526 0.679955
v 3.695806 -0.008395 0.679955
v 3.698771 -0.008922 0.678459
v 3.698768 -0.008894 0.678450
v 3.698767 -0.008845 0.678446
v 3.698767 -0.008656 0.678446
v 3.698767 -0.008526 0.678446
v 3.698767 -0.008395 0.678446
v 3.750812 -0.008922 0.677852
v 3.750811 -0.008894 0.677842
v 3.750811 -0.008845 0.677839
v 3.750811 -0.008656 0.677838
v 3.750811 -0.008526 0.677838
v 3.750811 -0.008395 0.677838
v 3.691290 -0.008767 0.822682
v 3.691274 -0.008767 0.900000
v 3.691290 -0.008767 0.977318
v 3.691290 -0.008284 0.822682
v 3.691274 -0.008284 0.900000
v 3.691290 -0.008284 0.977318
v 3.700332 -0.008284 0.678218
v 3.706483 -0.008284 0.678046
v 3.721787 -0.008284 0.677922
v 3.700332 -0.008767 0.678218
v 3.706483 -0.008767 0.678046
v 3.721787 -0.008767 0.677922
v 3.696500 -0.008284 0.679491
v 3.697227 -0.008284 0.679084
v 3.697985 -0.008284 0.678735
v 3.696500 -0.008767 0.679491
v 3.697227 -0.008767 0.679084
v 3.697985 -0.008767 0.678735
v 3.693973 -0.008284 0.681650
v 3.694539 -0.008284 0.681037
v 3.695151 -0.008284 0.680471
v 3.693973 -0.008767 0.681650
v 3.694539 -0.008767 0.681037
v 3.695151 -0.008767 0.680471
v 3.692237 -0.008284 0.684483
v 3.692586 -0.008284 0.683725
v 3.692993 -0.008284 0.682998
v 3.692237 -0.008767 0.684483
v 3.692586 -0.008767 0.683725
v 3.692993 -0.008767 0.682998
v 3.691424 -0.008284 0.717215
v 3.691548 -0.008284 0.695627
v 3.691720 -0.008284 0.687160
v 3.691424 -0.008767 0.717215
v 3.691548 -0.008767 0.695627
v 3.691720 -0.008767 0.687160
v 3.999672 -0.008767 0.678218
v 3.993521 -0.008767 0.678046
v 3.978216 -0.008767 0.677922
v 3.999672 -0.008284 0.678218
v 3.993521 -0.008284 0.678046
v 3.978216 -0.008284 0.677922
v 4.003504 -0.008767 0.679491
v 4.002776 -0.008767 0.679084
v 4.002019 -0.008767 0.678735
v 4.003504 -0.008284 0.679491
v 4.002776 -0.008284 0.679084
v 4.002019 -0.008284 0.678735
v 4.006031 -0.008767 0.681650
v 4.005465 -0.008767 0.681037
v 4.004852 -0.008767 0.680471
v 4.006031 -0.008284 0.681650
v 4.005465 -0.008284 0.681037
v 4.004852 -0.008284 0.680471
v 4.007767 -0.008767 0.684483
v 4.007418 -0.008767 0.683725
v 4.007010 -0.008767 0.682998
v 4.007767 -0.008284 0.684483
v 4.007418 -0.008284 0.683725
v 4.007010 -0.008284 0.682998
v 4.008580 -0.008767 0.717215
v 4.008456 -0.008767 0.695627
v 4.008284 -0.008767 0.687160
v 4.008580 -0.008284 0.717215
v 4.008456 -0.008284 0.695627
v 4.008284 -0.008284 0.687160
v 3.999672 -0.008284 1.121782
v 3.993521 -0.008284 1.121954
v 3.978216 -0.008284 1.122078
v 3.999672 -0.008767 1.121782
v 3.993521 -0.008767 1.121954
v 3.978216 -0.008767 1.122078
v 4.003504 -0.008284 1.120509
v 4.002776 -0.008284 1.120916
v 4.002019 -0.008284 1.121265
v 4.003504 -0.008767 1.120509
v 4.002776 -0.008767 1.120916
v 4.002019 -0.008767 1.121265
v 4.006031 -0.008284 1.118350
v 4.005465 -0.008284 1.118963
v 4.004852 -0.008284 1.119529
v 4.006031 -0.008767 1.118350
v 4.005465 -0.008767 1.118963
v 4.004852 -0.008767 1.119529
v 4.007767 -0.008284 1.115517
v 4.007418 -0.008284 1.116274
v 4.007010 -0.008284 1.117002
v 4.007767 -0.008767 1.115517
v 4.007418 -0.008767 1.116274
v 4.007010 -0.008767 1.117002
v 4.008580 -0.008284 1.082785
v 4.008456 -0.008284 1.104373
v 4.008284 -0.008284 1.112839
v 4.008580 -0.008767 1.082785
v 4.008456 -0.008767 1.104373
v 4.008284 -0.008767 1.112839
v 3.700332 -0.008767 1.121782
v 3.706483 -0.008767 1.121954
v 3.721787 -0.008767 1.122078
v 3.700332 -0.008284 1.121782
v 3.706483 -0.008284 1.121954
v 3.721787 -0.008284 1.122078
v 3.696500 -0.008767 1.120509
v 3.697227 -0.008767 1.120916
v 3.697985 -0.008767 1.121265
v 3.696500 -0.008284 1.120509
v 3.697227 -0.008284 1.120916
v 3.697985 -0.008284 1.121265
v 3.693973 -0.008767 1.118350
v 3.694539 -0.008767 1.118963
v 3.695151 -0.008767 1.119529
v 3.693973 -0.008284 1.118350
v 3.694539 -0.008284 1.118963
v 3.695151 -0.008284 1.119529
v 3.692237 -0.008767 1.115517
v 3.692586 -0.008767 1.116274
v 3.692993 -0.008767 1.117002
v 3.692237 -0.008284 1.115517
v 3.692586 -0.008284 1.116274
v 3.692993 -0.008284 1.117002
v 3.691424 -0.008767 1.082785
v 3.691548 -0.008767 1.104373
v 3.691720 -0.008767 1.112839
v 3.691424 -0.008284 1.082785
v 3.691548 -0.008284 1.104373
v 3.691720 -0.008284 1.112839
v 3.795835 -0.008767 1.122211
v 3.850002 -0.008767 1.122228
v 3.904169 -0.008767 1.122211
v 3.795835 -0.008284 1.122211
v 3.850002 -0.008284 1.122228
v 3.904169 -0.008284 1.122211
v 4.008713 -0.008767 0.977318
v 4.008730 -0.008767 0.900000
v 4.008713 -0.008767 0.822682
v 4.008713 -0.008284 0.977318
v 4.008730 -0.008284 0.900000
v 4.008713 -0.008284 0.822682
v 3.904169 -0.008767 0.677788
v 3.850002 -0.008767 0.677772
v 3.795835 -0.008767 0.677788
v 3.904169 -0.008284 0.677788
v 3.850002 -0.008284 0.677772
v 3.795835 -0.008284 0.677788
v 3.726680 -0.008101 1.023662
v 3.733005 -0.008101 1.043909
v 3.726979 -0.008101 1.064935
v 3.727278 -0.008101 1.067549
v 3.733768 -0.008101 1.059804
v 3.727999 -0.008101 1.068966
v 3.728563 -0.008101 1.069742
v 3.735185 -0.008101 1.061755
v 3.729686 -0.008101 1.070866
v 3.730463 -0.008101 1.071430
v 3.737137 -0.008101 1.063173
v 3.731879 -0.008101 1.072151
v 3.733979 -0.008101 1.072450
v 3.748916 -0.008101 1.063936
v 3.763236 -0.008101 1.072748
v 3.973025 -0.008101 1.064935
v 3.966998 -0.008101 1.043909
v 3.973323 -0.008101 1.023662
v 3.972005 -0.008101 1.068966
v 3.966236 -0.008101 1.059804
v 3.972726 -0.008101 1.067549
v 3.970318 -0.008101 1.070866
v 3.964818 -0.008101 1.061755
v 3.971441 -0.008101 1.069742
v 3.968125 -0.008101 1.072151
v 3.962867 -0.008101 1.063173
v 3.969541 -0.008101 1.071430
v 3.936768 -0.008101 1.072748
v 3.951087 -0.008101 1.063936
v 3.966025 -0.008101 1.072450
v 3.973323 -0.008101 0.776338
v 3.966998 -0.008101 0.756091
v 3.973025 -0.008101 0.735065
v 3.972726 -0.008101 0.732451
v 3.966236 -0.008101 0.740196
v 3.972005 -0.008101 0.731034
v 3.971441 -0.008101 0.730258
v 3.964818 -0.008101 0.738245
v 3.970318 -0.008101 0.729134
v 3.969541 -0.008101 0.728570
v 3.962867 -0.008101 0.736827
v 3.968125 -0.008101 0.727849
v 3.966025 -0.008101 0.727550
v 3.951087 -0.008101 0.736064
v 3.936768 -0.008101 0.727252
v 3.726979 -0.008101 0.735065
v 3.733005 -0.008101 0.756091
v 3.726680 -0.008101 0.776338
v 3.727999 -0.008101 0.731034
v 3.733768 -0.008101 0.740196
v 3.727278 -0.008101 0.732451
v 3.729686 -0.008101 0.729134
v 3.735185 -0.008101 0.738245
v 3.728563 -0.008101 0.730258
v 3.731879 -0.008101 0.727849
v 3.737137 -0.008101 0.736827
v 3.730463 -0.008101 0.728570
v 3.763236 -0.008101 0.727252
v 3.748916 -0.008101 0.736064
v 3.733979 -0.008101 0.727550
v 3.726602 -0.008101 0.836964
v 3.732797 -0.008101 0.900000
v 3.726602 -0.008101 0.963036
v 3.894201 -0.008101 0.727173
v 3.850002 -0.008101 0.735856
v 3.805803 -0.008101 0.727173
v 3.973402 -0.008101 0.963036
v 3.967207 -0.008101 0.900000
v 3.973402 -0.008101 0.836964
v 3.805803 -0.008101 1.072827
v 3.850002 -0.008101 1.064144
v 3.894201 -0.008101 1.072827
v 3.691923 -0.008106 1.040765
v 3.695597 -0.008102 1.035483
v 3.704963 -0.008101 1.022457
v 3.705521 -0.008101 1.096419
v 3.696187 -0.008102 1.109070
v 3.692526 -0.008106 1.114010
v 3.706883 -0.008101 1.099093
v 3.697643 -0.008102 1.111927
v 3.694021 -0.008106 1.116945
v 3.709004 -0.008101 1.101215
v 3.699909 -0.008102 1.114193
v 3.696349 -0.008106 1.119273
v 3.711679 -0.008101 1.102577
v 3.702766 -0.008102 1.115649
v 3.699283 -0.008106 1.120768
v 3.764153 -0.008101 1.103135
v 3.755039 -0.008102 1.116239
v 3.751344 -0.008106 1.121371
v 4.007478 -0.008107 1.114010
v 4.003817 -0.008102 1.109070
v 3.994483 -0.008101 1.096419
v 3.995041 -0.008101 1.022457
v 4.004406 -0.008102 1.035483
v 4.008081 -0.008107 1.040765
v 4.005983 -0.008107 1.116945
v 4.002361 -0.008102 1.111927
v 3.993120 -0.008101 1.099093
v 4.003655 -0.008107 1.119273
v 4.000094 -0.008102 1.114193
v 3.990999 -0.008101 1.101215
v 4.000721 -0.008107 1.120768
v 3.997237 -0.008102 1.115649
v 3.988325 -0.008101 1.102577
v 3.948660 -0.008107 1.121371
v 3.944964 -0.008102 1.116239
v 3.935851 -0.008101 1.103135
v 4.008081 -0.008107 0.759235
v 4.004406 -0.008102 0.764517
v 3.995041 -0.008101 0.777543
v 3.994483 -0.008101 0.703581
v 4.003817 -0.008102 0.690930
v 4.007478 -0.008107 0.685990
v 3.993120 -0.008101 0.700907
v 4.002361 -0.008102 0.688073
v 4.005983 -0.008107 0.683055
v 3.990999 -0.008101 0.698785
v 4.000094 -0.008102 0.685807
v 4.003655 -0.008107 0.680727
v 3.988325 -0.008101 0.697423
v 3.997237 -0.008102 0.684351
v 4.000721 -0.008107 0.679232
v 3.935851 -0.008101 0.696865
v 3.944964 -0.008102 0.683761
v 3.948660 -0.008107 0.678629
v 3.692526 -0.008106 0.685990
v 3.696187 -0.008102 0.690930
v 3.705521 -0.008101 0.703581
v 3.704963 -0.008101 0.777543
v 3.695597 -0.008102 0.764517
v 3.691923 -0.008106 0.759235
v 3.694021 -0.008106 0.683055
v 3.697643 -0.008102 0.688073
v 3.706883 -0.008101 0.700907
v 3.696349 -0.008106 0.680727
v 3.699909 -0.008102 0.685807
v 3.709004 -0.008101 0.698785
v 3.699283 -0.008106 0.679232
v 3.702766 -0.008102 0.684351
v 3.711679 -0.008101 0.697423
v 3.751344 -0.008106 0.678629
v 3.755039 -0.008102 0.683761
v 3.764153 -0.008101 0.696865
v 3.726979 -0.008951 1.064935
v 3.733005 -0.008951 1.043909
v 3.726680 -0.008951 1.023662
v 3.727999 -0.008951 1.068966
v 3.733768 -0.008951 1.059804
v 3.727278 -0.008951 1.067549
v 3.729686 -0.008951 1.070866
v 3.735185 -0.008951 1.061755
v 3.728563 -0.008951 1.069742
v 3.731879 -0.008951 1.072151
v 3.737137 -0.008951 1.063173
v 3.730463 -0.008951 1.071430
v 3.763236 -0.008951 1.072748
v 3.748916 -0.008951 1.063936
v 3.733979 -0.008951 1.072450
v 3.973323 -0.008951 1.023662
v 3.966998 -0.008951 1.043909
v 3.973025 -0.008951 1.064935
v 3.972726 -0.008951 1.067549
v 3.966236 -0.008951 1.059804
v 3.972005 -0.008951 1.068966
v 3.971441 -0.008951 1.069742
v 3.964818 -0.008951 1.061755
v 3.970318 -0.008951 1.070866
v 3.969541 -0.008951 1.071430
v 3.962867 -0.008951 1.063173
v 3.968125 -0.008951 1.072151
v 3.966025 -0.008951 1.072450
v 3.951087 -0.008951 1.063936
v 3.936768 -0.008951 1.072748
v 3.973025 -0.008951 0.735065
v 3.966998 -0.008951 0.756091
v 3.973323 -0.008951 0.776338
v 3.972005 -0.008951 0.731034
v 3.966236 -0.008951 0.740196
v 3.972726 -0.008951 0.732451
v 3.970318 -0.008951 0.729134
v 3.964818 -0.008951 0.738245
v 3.971441 -0.008951 0.730258
v 3.968125 -0.008951 0.727849
v 3.962867 -0.008951 0.736827
v 3.969541 -0.008951 0.728570
v 3.936768 -0.008951 0.727252
v 3.951087 -0.008951 0.736064
v 3.966025 -0.008951 0.727550
v 3.726680 -0.008951 0.776338
v 3.733005 -0.008951 0.756091
v 3.726979 -0.008951 0.735065
v 3.727278 -0.008951 0.732451
v 3.733768 -0.008951 0.740196
v 3.727999 -0.008951 0.731034
v 3.728563 -0.008951 0.730258
v 3.735185 -0.008951 0.738245
v 3.729686 -0.008951 0.729134
v 3.730463 -0.008951 0.728570
v 3.737137 -0.008951 0.736827
v 3.731879 -0.008951 0.727849
v 3.733979 -0.008951 0.727550
v 3.748916 -0.008951 0.736064
v 3.763236 -0.008951 0.727252
v 3.726602 -0.008951 0.963036
v 3.732797 -0.008951 0.900000
v 3.726602 -0.008951 0.836964
v 3.894201 -0.008951 0.727173
v 3.850002 -0.008951 0.735856
v 3.805803 -0.008951 0.727173
v 3.805803 -0.008951 1.072827
v 3.850002 -0.008951 1.064144
v 3.894201 -0.008951 1.072827
v 3.973402 -0.008951 0.963036
v 3.967207 -0.008951 0.900000
v 3.973402 -0.008951 0.836964
v 3.692526 -0.008945 1.114010
v 3.696187 -0.008949 1.109070
v 3.705521 -0.008950 1.096419
v 3.704963 -0.008950 1.022457
v 3.695597 -0.008949 1.035483
v 3.691923 -0.008945 1.040765
v 3.694021 -0.008945 1.116945
v 3.697643 -0.008949 1.111927
v 3.706883 -0.008950 1.099093
v 3.696349 -0.008945 1.119273
v 3.699909 -0.008949 1.114193
v 3.709004 -0.008950 1.101215
v 3.699283 -0.008945 1.120768
v 3.702766 -0.008949 1.115649
v 3.711679 -0.008950 1.102577
v 3.751344 -0.008945 1.121371
v 3.755039 -0.008949 1.116239
v 3.764153 -0.008950 1.103135
v 4.008081 -0.008945 1.040765
v 4.004406 -0.008949 1.035483
v 3.995041 -0.008950 1.022457
v 3.994483 -0.008950 1.096419
v 4.003817 -0.008949 1.109070
v 4.007478 -0.008945 1.114010
v 3.993120 -0.008950 1.099093
v 4.002361 -0.008949 1.111927
v 4.005983 -0.008945 1.116945
v 3.990999 -0.008950 1.101215
v 4.000094 -0.008949 1.114193
v 4.003655 -0.008945 1.119273
v 3.988325 -0.008950 1.102577
v 3.997237 -0.008949 1.115649
v 4.000721 -0.008945 1.120768
v 3.935851 -0.008950 1.103135
v 3.944964 -0.008949 1.116239
v 3.948660 -0.008945 1.121371
v 4.007478 -0.008945 0.685990
v 4.003817 -0.008949 0.690930
v 3.994483 -0.008950 0.703581
v 3.995041 -0.008950 0.777543
v 4.004406 -0.008949 0.764517
v 4.008081 -0.008945 0.759235
v 4.005983 -0.008945 0.683055
v 4.002361 -0.008949 0.688073
v 3.993120 -0.008950 0.700907
v 4.003655 -0.008945 0.680727
v 4.000094 -0.008949 0.685807
v 3.990999 -0.008950 0.698785
v 4.000721 -0.008945 0.679232
v 3.997237 -0.008949 0.684351
v 3.988325 -0.008950 0.697423
v 3.948660 -0.008945 0.678629
v 3.944964 -0.008949 0.683761
v 3.935851 -0.008950 0.696865
v 3.691923 -0.008945 0.759235
v 3.695597 -0.008949 0.764517
v 3.704963 -0.008950 0.777543
v 3.705521 -0.008950 0.703581
v 3.696187 -0.008949 0.690930
v 3.692526 -0.008945 0.685990
v 3.706883 -0.008950 0.700907
v 3.697643 -0.008949 0.688073
v 3.694021 -0.008945 0.683055
v 3.709004 -0.008950 0.698785
v 3.699909 -0.008949 0.685807
v 3.696349 -0.008945 0.680727
v 3.711679 -0.008950 0.697423
v 3.702766 -0.008949 0.684351
v 3.699283 -0.008945 0.679232
v 3.764153 -0.008950 0.696865
v 3.755039 -0.008949 0.683761
v 3.751344 -0.008945 0.678629
v 3.795835 -0.008206 0.677789
v 3.850002 -0.008206 0.677772
v 3.904169 -0.008206 0.677789
v 3.795835 -0.008157 0.677793
v 3.850002 -0.008157 0.677776
v 3.904169 -0.008157 0.677793
v 3.795835 -0.008129 0.677803
v 3.850002 -0.008129 0.677786
v 3.904168 -0.008129 0.677803
v 3.850002 -0.008101 0.900000
v 3.752935 -0.008101 0.830813
v 3.770689 -0.008101 0.810827
v 3.753324 -0.008101 0.770359
v 3.771213 -0.008101 0.792033
v 3.754229 -0.008101 0.766735
v 3.772165 -0.008101 0.790328
v 3.755635 -0.008101 0.765329
v 3.773751 -0.008101 0.789375
v 3.758699 -0.008101 0.764424
v 3.787324 -0.008101 0.788852
v 3.801451 -0.008101 0.764035
v 3.850002 -0.008101 0.788701
v 3.898553 -0.008101 0.764035
v 3.912680 -0.008101 0.788852
v 3.941304 -0.008101 0.764424
v 3.926252 -0.008101 0.789375
v 3.944369 -0.008101 0.765329
v 3.927838 -0.008101 0.790328
v 3.945775 -0.008101 0.766735
v 3.928791 -0.008101 0.792033
v 3.946680 -0.008101 0.770359
v 3.929314 -0.008101 0.810827
v 3.947068 -0.008101 0.830813
v 3.929465 -0.008101 0.900000
v 3.947068 -0.008101 0.969187
v 3.929314 -0.008101 0.989173
v 3.946680 -0.008101 1.029641
v 3.928791 -0.008101 1.007967
v 3.945775 -0.008101 1.033265
v 3.927838 -0.008101 1.009672
v 3.944369 -0.008101 1.034671
v 3.926252 -0.008101 1.010625
v 3.941304 -0.008101 1.035576
v 3.912680 -0.008101 1.011148
v 3.898553 -0.008101 1.035965
v 3.850002 -0.008101 1.011299
v 3.801451 -0.008101 1.035965
v 3.787324 -0.008101 1.011148
v 3.758699 -0.008101 1.035576
v 3.773751 -0.008101 1.010625
v 3.755635 -0.008101 1.034671
v 3.772165 -0.008101 1.009672
v 3.754229 -0.008101 1.033265
v 3.771213 -0.008101 1.007967
v 3.753324 -0.008101 1.029641
v 3.770689 -0.008101 0.989173
v 3.752935 -0.008101 0.969187
v 3.770539 -0.008101 0.900000
v 4.008713 -0.008206 0.822682
v 4.008729 -0.008206 0.900000
v 4.008713 -0.008206 0.977318
v 4.008709 -0.008157 0.822682
v 4.008726 -0.008157 0.900000
v 4.008709 -0.008157 0.977318
v 4.008699 -0.008129 0.822683
v 4.008716 -0.008129 0.900000
v 4.008699 -0.008129 0.977317
v 3.904169 -0.008206 1.122211
v 3.850002 -0.008206 1.122227
v 3.795835 -0.008206 1.122211
v 3.904169 -0.008157 1.122207
v 3.850002 -0.008157 1.122224
v 3.795835 -0.008157 1.122207
v 3.904168 -0.008129 1.122197
v 3.850002 -0.008129 1.122214
v 3.795835 -0.008129 1.122197
v 3.850002 -0.008951 0.900000
v 3.801451 -0.008951 0.764035
v 3.787324 -0.008951 0.788852
v 3.758699 -0.008951 0.764424
v 3.773751 -0.008951 0.789375
v 3.755635 -0.008951 0.765329
v 3.772165 -0.008951 0.790328
v 3.754229 -0.008951 0.766735
v 3.771213 -0.008951 0.792033
v 3.753324 -0.008951 0.770359
v 3.770689 -0.008951 0.810827
v 3.752936 -0.008951 0.830813
v 3.770539 -0.008951 0.900000
v 3.752935 -0.008951 0.969187
v 3.770689 -0.008951 0.989173
v 3.753324 -0.008951 1.029641
v 3.771213 -0.008951 1.007967
v 3.754229 -0.008951 1.033265
v 3.772165 -0.008951 1.009672
v 3.755635 -0.008951 1.034671
v 3.773751 -0.008951 1.010625
v 3.758699 -0.008951 1.035576
v 3.787324 -0.008951 1.011148
v 3.801451 -0.008951 1.035965
v 3.850002 -0.008951 1.011299
v 3.898553 -0.008951 1.035965
v 3.912680 -0.008951 1.011148
v 3.941304 -0.008951 1.035576
v 3.926252 -0.008951 1.010625
v 3.944369 -0.008951 1.034671
v 3.927838 -0.008951 1.009672
v 3.945775 -0.008951 1.033265
v 3.928791 -0.008951 1.007967
v 3.946680 -0.008951 1.029641
v 3.929314 -0.008951 0.989173
v 3.947068 -0.008951 0.969187
v 3.929465 -0.008951 0.900000
v 3.947068 -0.008951 0.830813
v 3.929314 -0.008951 0.810827
v 3.946680 -0.008951 0.770359
v 3.928791 -0.008951 0.792033
v 3.945775 -0.008951 0.766735
v 3.927838 -0.008951 0.790328
v 3.944369 -0.008951 0.765329
v 3.926252 -0.008951 0.789375
v 3.941304 -0.008951 0.764424
v 3.912680 -0.008951 0.788852
v 3.898553 -0.008951 0.764035
v 3.850002 -0.008951 0.788701
v 3.691424 -0.008206 1.082785
v 3.691428 -0.008157 1.082784
v 3.691437 -0.008129 1.082783
v 3.691549 -0.008206 1.104373
v 3.691552 -0.008157 1.104372
v 3.691562 -0.008129 1.104370
v 3.691721 -0.008206 1.112839
v 3.691724 -0.008157 1.112838
v 3.691734 -0.008129 1.112836
v 3.692237 -0.008206 1.115517
v 3.692240 -0.008157 1.115515
v 3.692250 -0.008129 1.115512
v 3.692586 -0.008206 1.116274
v 3.692590 -0.008157 1.116273
v 3.692598 -0.008129 1.116268
v 3.692994 -0.008206 1.117002
v 3.692997 -0.008157 1.117000
v 3.693005 -0.008129 1.116995
v 3.693973 -0.008206 1.118350
v 3.693976 -0.008157 1.118348
v 3.693984 -0.008129 1.118341
v 3.694539 -0.008206 1.118962
v 3.694542 -0.008157 1.118960
v 3.694549 -0.008129 1.118953
v 3.695152 -0.008206 1.119529
v 3.695154 -0.008157 1.119526
v 3.695160 -0.008129 1.119518
v 3.696500 -0.008206 1.120508
v 3.696502 -0.008157 1.120505
v 3.696507 -0.008129 1.120497
v 3.697227 -0.008206 1.120916
v 3.697229 -0.008157 1.120912
v 3.697234 -0.008129 1.120903
v 3.697985 -0.008206 1.121265
v 3.697986 -0.008157 1.121261
v 3.697990 -0.008129 1.121252
v 3.700332 -0.008206 1.121781
v 3.700333 -0.008157 1.121778
v 3.700335 -0.008129 1.121768
v 3.706483 -0.008206 1.121953
v 3.706484 -0.008157 1.121950
v 3.706486 -0.008129 1.121940
v 3.721787 -0.008206 1.122078
v 3.721788 -0.008157 1.122074
v 3.721789 -0.008129 1.122064
v 4.008579 -0.008845 1.082785
v 4.008576 -0.008894 1.082784
v 4.008566 -0.008922 1.082783
v 4.008455 -0.008845 1.104373
v 4.008451 -0.008894 1.104372
v 4.008442 -0.008922 1.104370
v 4.008283 -0.008845 1.112839
v 4.008279 -0.008894 1.112838
v 4.008270 -0.008922 1.112836
v 4.007767 -0.008845 1.115517
v 4.007763 -0.008894 1.115515
v 4.007754 -0.008922 1.115512
v 4.007417 -0.008845 1.116274
v 4.007414 -0.008894 1.116273
v 4.007405 -0.008922 1.116268
v 4.007010 -0.008845 1.117002
v 4.007007 -0.008894 1.117000
v 4.006999 -0.008922 1.116995
v 4.006031 -0.008845 1.118350
v 4.006028 -0.008894 1.118348
v 4.006020 -0.008922 1.118341
v 4.005464 -0.008845 1.118962
v 4.005462 -0.008894 1.118960
v 4.005455 -0.008922 1.118953
v 4.004852 -0.008845 1.119529
v 4.004849 -0.008894 1.119526
v 4.004843 -0.008922 1.119518
v 4.003504 -0.008845 1.120508
v 4.003502 -0.008894 1.120505
v 4.003497 -0.008922 1.120497
v 4.002776 -0.008845 1.120916
v 4.002774 -0.008894 1.120912
v 4.002770 -0.008922 1.120903
v 4.002019 -0.008845 1.121265
v 4.002017 -0.008894 1.121261
v 4.002014 -0.008922 1.121252
v 3.999672 -0.008845 1.121781
v 3.999671 -0.008894 1.121778
v 3.999668 -0.008922 1.121768
v 3.993521 -0.008845 1.121953
v 3.993520 -0.008894 1.121950
v 3.993518 -0.008922 1.121940
v 3.978216 -0.008845 1.122078
v 3.978216 -0.008894 1.122074
v 3.978215 -0.008922 1.122064
v 4.008579 -0.008206 0.717215
v 4.008576 -0.008157 0.717216
v 4.008566 -0.008129 0.717217
v 4.008455 -0.008206 0.695627
v 4.008451 -0.008157 0.695628
v 4.008442 -0.008129 0.695630
v 4.008283 -0.008206 0.687161
v 4.008279 -0.008157 0.687162
v 4.008270 -0.008129 0.687164
v 4.007767 -0.008206 0.684483
v 4.007763 -0.008157 0.684484
v 4.007754 -0.008129 0.684488
v 4.007417 -0.008206 0.683726
v 4.007414 -0.008157 0.683727
v 4.007405 -0.008129 0.683732
v 4.007010 -0.008206 0.682998
v 4.007007 -0.008157 0.683000
v 4.006999 -0.008129 0.683005
v 4.006031 -0.008206 0.681650
v 4.006028 -0.008157 0.681652
v 4.006020 -0.008129 0.681659
v 4.005464 -0.008206 0.681038
v 4.005462 -0.008157 0.681040
v 4.005455 -0.008129 0.681047
v 4.004852 -0.008206 0.680471
v 4.004849 -0.008157 0.680474
v 4.004843 -0.008129 0.680482
v 4.003504 -0.008206 0.679492
v 4.003502 -0.008157 0.679495
v 4.003497 -0.008129 0.679503
v 4.002776 -0.008206 0.679084
v 4.002774 -0.008157 0.679088
v 4.002770 -0.008129 0.679096
v 4.002019 -0.008206 0.678735
v 4.002017 -0.008157 0.678739
v 4.002014 -0.008129 0.678748
v 3.999672 -0.008206 0.678219
v 3.999671 -0.008157 0.678222
v 3.999668 -0.008129 0.678232
v 3.993521 -0.008206 0.678047
v 3.993520 -0.008157 0.678050
v 3.993518 -0.008129 0.678060
v 3.978216 -0.008206 0.677922
v 3.978216 -0.008157 0.677926
v 3.978215 -0.008129 0.677936
v 3.691424 -0.008845 0.717215
v 3.691428 -0.008894 0.717216
v 3.691437 -0.008922 0.717217
v 3.691549 -0.008845 0.695627
v 3.691552 -0.008894 0.695628
v 3.691562 -0.008922 0.695630
v 3.691721 -0.008845 0.687161
v 3.691724 -0.008894 0.687162
v 3.691734 -0.008922 0.687164
v 3.692237 -0.008845 0.684483
v 3.692240 -0.008894 0.684484
v 3.692250 -0.008922 0.684488
v 3.692586 -0.008845 0.683726
v 3.692590 -0.008894 0.683727
v 3.692598 -0.008922 0.683732
v 3.692994 -0.008845 0.682998
v 3.692997 -0.008894 0.683000
v 3.693005 -0.008922 0.683005
v 3.693973 -0.008845 0.681650
v 3.693976 -0.008894 0.681652
v 3.693984 -0.008922 0.681659
v 3.694539 -0.008845 0.681038
v 3.694542 -0.008894 0.681040
v 3.694549 -0.008922 0.681047
v 3.695152 -0.008845 0.680471
v 3.695154 -0.008894 0.680474
v 3.695160 -0.008922 0.680482
v 3.696500 -0.008845 0.679492
v 3.696502 -0.008894 0.679495
v 3.696507 -0.008922 0.679503
v 3.697227 -0.008845 0.679084
v 3.697229 -0.008894 0.679088
v 3.697234 -0.008922 0.679096
v 3.697985 -0.008845 0.678735
v 3.697986 -0.008894 0.678739
v 3.697990 -0.008922 0.678748
v 3.700332 -0.008845 0.678219
v 3.700333 -0.008894 0.678222
v 3.700335 -0.008922 0.678232
v 3.706483 -0.008845 0.678047
v 3.706484 -0.008894 0.678050
v 3.706486 -0.008922 0.678060
v 3.721787 -0.008845 0.677922
v 3.721788 -0.008894 0.677926
v 3.721789 -0.008922 0.677936
v 3.691291 -0.008206 0.977318
v 3.691274 -0.008206 0.900000
v 3.691291 -0.008206 0.822682
v 3.691294 -0.008157 0.977318
v 3.691278 -0.008157 0.900000
v 3.691294 -0.008157 0.822682
v 3.691304 -0.008129 0.977317
v 3.691288 -0.008129 0.900000
v 3.691304 -0.008129 0.822683
v 3.691304 -0.008922 0.977317
v 3.691288 -0.008922 0.900000
v 3.691304 -0.008922 0.822683
v 3.691294 -0.008894 0.977318
v 3.691278 -0.008894 0.900000
v 3.691294 -0.008894 0.822682
v 3.691291 -0.008845 0.977318
v 3.691274 -0.008845 0.900000
v 3.691291 -0.008845 0.822682
v 3.691290 -0.008656 0.977318
v 3.691274 -0.008656 0.900000
v 3.691290 -0.008656 0.822682
v 3.691290 -0.008526 0.977318
v 3.691274 -0.008526 0.900000
v 3.691290 -0.008526 0.822682
v 3.691290 -0.008395 0.977318
v 3.691274 -0.008395 0.900000
v 3.691290 -0.008395 0.822682
v 3.700335 -0.008129 0.678232
v 3.700333 -0.008157 0.678222
v 3.700332 -0.008206 0.678219
v 3.706486 -0.008129 0.678060
v 3.706484 -0.008157 0.678050
v 3.706483 -0.008206 0.678047
v 3.721789 -0.008129 0.677936
v 3.721788 -0.008157 0.677926
v 3.721787 -0.008206 0.677922
v 3.700332 -0.008395 0.678218
v 3.700332 -0.008526 0.678218
v 3.700332 -0.008656 0.678218
v 3.706483 -0.008395 0.678046
v 3.706483 -0.008526 0.678046
v 3.706483 -0.008656 0.678046
v 3.721787 -0.008395 0.677922
v 3.721787 -0.008526 0.677922
v 3.721787 -0.008656 0.677922
v 3.696507 -0.008129 0.679503
v 3.696502 -0.008157 0.679495
v 3.696500 -0.008206 0.679492
v 3.697234 -0.008129 0.679096
v 3.697229 -0.008157 0.679088
v 3.697227 -0.008206 0.679084
v 3.697990 -0.008129 0.678748
v 3.697986 -0.008157 0.678739
v 3.697985 -0.008206 0.678735
v 3.696500 -0.008395 0.679491
v 3.696500 -0.008526 0.679491
v 3.696500 -0.008656 0.679491
v 3.697227 -0.008395 0.679084
v 3.697227 -0.008526 0.679084
v 3.697227 -0.008656 0.679084
v 3.697985 -0.008395 0.678735
v 3.697985 -0.008526 0.678735
v 3.697985 -0.008656 0.678735
v 3.693984 -0.008129 0.681659
v 3.693976 -0.008157 0.681652
v 3.693973 -0.008206 0.681650
v 3.694549 -0.008129 0.681047
v 3.694542 -0.008157 0.681040
v 3.694539 -0.008206 0.681038
v 3.695160 -0.008129 0.680482
v 3.695154 -0.008157 0.680474
v 3.695152 -0.008206 0.680471
v 3.693973 -0.008395 0.681650
v 3.693973 -0.008526 0.681650
v 3.693973 -0.008656 0.681650
v 3.694539 -0.008395 0.681037
v 3.694539 -0.008526 0.681037
v 3.694539 -0.008656 0.681037
v 3.695151 -0.008395 0.680471
v 3.695151 -0.008526 0.680471
v 3.695151 -0.008656 0.680471
v 3.692250 -0.008129 0.684488
v 3.692240 -0.008157 0.684484
v 3.692237 -0.008206 0.684483
v 3.692598 -0.008129 0.683732
v 3.692590 -0.008157 0.683727
v 3.692586 -0.008206 0.683726
v 3.693005 -0.008129 0.683005
v 3.692997 -0.008157 0.683000
v 3.692994 -0.008206 0.682998
v 3.692237 -0.008395 0.684483
v 3.692237 -0.008526 0.684483
v 3.692237 -0.008656 0.684483
v 3.692586 -0.008395 0.683726
v 3.692586 -0.008526 0.683726
v 3.692586 -0.008656 0.683726
v 3.692993 -0.008395 0.682998
v 3.692993 -0.008526 0.682998
v 3.692993 -0.008656 0.682998
v 3.691437 -0.008129 0.717217
v 3.691428 -0.008157 0.717216
v 3.691424 -0.008206 0.717215
v 3.691562 -0.008129 0.695630
v 3.691552 -0.008157 0.695628
v 3.691549 -0.008206 0.695627
v 3.691734 -0.008129 0.687164
v 3.691724 -0.008157 0.687162
v 3.691721 -0.008206 0.687161
v 3.691424 -0.008395 0.717215
v 3.691424 -0.008526 0.717215
v 3.691424 -0.008656 0.717215
v 3.691548 -0.008395 0.695627
v 3.691548 -0.008526 0.695627
v 3.691548 -0.008656 0.695627
v 3.691720 -0.008395 0.687160
v 3.691720 -0.008526 0.687160
v 3.691720 -0.008656 0.687160
v 3.999668 -0.008922 0.678232
v 3.999671 -0.008894 0.678222
v 3.999672 -0.008845 0.678219
v 3.993518 -0.008922 0.678060
v 3.993520 -0.008894 0.678050
v 3.993521 -0.008845 0.678047
v 3.978215 -0.008922 0.677936
v 3.978216 -0.008894 0.677926
v 3.978216 -0.008845 0.677922
v 3.999672 -0.008656 0.678218
v 3.999672 -0.008526 0.678218
v 3.999672 -0.008396 0.678218
v 3.993521 -0.008656 0.678046
v 3.993521 -0.008526 0.678046
v 3.993521 -0.008396 0.678046
v 3.978217 -0.008656 0.677922
v 3.978217 -0.008526 0.677922
v 3.978217 -0.008396 0.677922
v 4.003497 -0.008922 0.679503
v 4.003502 -0.008894 0.679495
v 4.003504 -0.008845 0.679492
v 4.002770 -0.008922 0.679096
v 4.002774 -0.008894 0.679088
v 4.002776 -0.008845 0.679084
v 4.002014 -0.008922 0.678748
v 4.002017 -0.008894 0.678739
v 4.002019 -0.008845 0.678735
v 4.003504 -0.008656 0.679491
v 4.003504 -0.008526 0.679491
v 4.003504 -0.008396 0.679491
v 4.002776 -0.008656 0.679084
v 4.002776 -0.008526 0.679084
v 4.002776 -0.008396 0.679084
v 4.002019 -0.008656 0.678735
v 4.002019 -0.008526 0.678735
v 4.002019 -0.008396 0.678735
v 4.006020 -0.008922 0.681659
v 4.006028 -0.008894 0.681652
v 4.006031 -0.008845 0.681650
v 4.005455 -0.008922 0.681047
v 4.005462 -0.008894 0.681040
v 4.005464 -0.008845 0.681038
v 4.004843 -0.008922 0.680482
v 4.004849 -0.008894 0.680474
v 4.004852 -0.008845 0.680471
v 4.006031 -0.008656 0.681650
v 4.006031 -0.008526 0.681650
v 4.006031 -0.008396 0.681650
v 4.005465 -0.008656 0.681037
v 4.005465 -0.008526 0.681037
v 4.005465 -0.008396 0.681037
v 4.004852 -0.008656 0.680471
v 4.004852 -0.008526 0.680471
v 4.004852 -0.008396 0.680471
v 4.007754 -0.008922 0.684488
v 4.007763 -0.008894 0.684484
v 4.007767 -0.008845 0.684483
v 4.007405 -0.008922 0.683732
v 4.007414 -0.008894 0.683727
v 4.007417 -0.008845 0.683726
v 4.006999 -0.008922 0.683005
v 4.007007 -0.008894 0.683000
v 4.007010 -0.008845 0.682998
v 4.007767 -0.008656 0.684483
v 4.007767 -0.008526 0.684483
v 4.007767 -0.008396 0.684483
v 4.007418 -0.008656 0.683726
v 4.007418 -0.008526 0.683726
v 4.007418 -0.008396 0.683726
v 4.007010 -0.008656 0.682998
v 4.007010 -0.008526 0.682998
v 4.007010 -0.008396 0.682998
v 4.008566 -0.008922 0.717217
v 4.008576 -0.008894 0.717216
v 4.008579 -0.008845 0.717215
v 4.008442 -0.008922 0.695630
v 4.008451 -0.008894 0.695628
v 4.008455 -0.008845 0.695627
v 4.008270 -0.008922 0.687164
v 4.008279 -0.008894 0.687162
v 4.008283 -0.008845 0.687161
v 4.008580 -0.008656 0.717215
v 4.008580 -0.008526 0.717215
v 4.008580 -0.008396 0.717215
v 4.008456 -0.008656 0.695627
v 4.008456 -0.008526 0.695627
v 4.008456 -0.008396 0.695627
v 4.008284 -0.008656 0.687160
v 4.008284 -0.008526 0.687160
v 4.008284 -0.008396 0.687160
v 3.999668 -0.008129 1.121768
v 3.999671 -0.008157 1.121778
v 3.999672 -0.008206 1.121781
v 3.993518 -0.008129 1.121940
v 3.993520 -0.008157 1.121950
v 3.993521 -0.008206 1.121953
v 3.978215 -0.008129 1.122064
v 3.978216 -0.008157 1.122074
v 3.978216 -0.008206 1.122078
v 3.999672 -0.008396 1.121782
v 3.999672 -0.008526 1.121782
v 3.999672 -0.008656 1.121782
v 3.993521 -0.008396 1.121954
v 3.993521 -0.008526 1.121954
v 3.993521 -0.008656 1.121954
v 3.978217 -0.008396 1.122078
v 3.978217 -0.008526 1.122078
v 3.978217 -0.008656 1.122078
v 4.003497 -0.008129 1.120497
v 4.003502 -0.008157 1.120505
v 4.003504 -0.008206 1.120508
v 4.002770 -0.008129 1.120903
v 4.002774 -0.008157 1.120912
v 4.002776 -0.008206 1.120916
v 4.002014 -0.008129 1.121252
v 4.002017 -0.008157 1.121261
v 4.002019 -0.008206 1.121265
v 4.003504 -0.008396 1.120509
v 4.003504 -0.008526 1.120509
v 4.003504 -0.008656 1.120509
v 4.002776 -0.008396 1.120916
v 4.002776 -0.008526 1.120916
v 4.002776 -0.008656 1.120916
v 4.002019 -0.008396 1.121265
v 4.002019 -0.008526 1.121265
v 4.002019 -0.008656 1.121265
v 4.006020 -0.008129 1.118341
v 4.006028 -0.008157 1.118348
v 4.006031 -0.008206 1.118350
v 4.005455 -0.008129 1.118953
v 4.005462 -0.008157 1.118960
v 4.005464 -0.008206 1.118962
v 4.004843 -0.008129 1.119518
v 4.004849 -0.008157 1.119526
v 4.004852 -0.008206 1.119529
v 4.006031 -0.008396 1.118351
v 4.006031 -0.008526 1.118350
v 4.006031 -0.008656 1.118350
v 4.005465 -0.008396 1.118963
v 4.005465 -0.008526 1.118963
v 4.005465 -0.008656 1.118963
v 4.004852 -0.008396 1.119529
v 4.004852 -0.008526 1.119529
v 4.004852 -0.008656 1.119529
v 4.007754 -0.008129 1.115512
v 4.007763 -0.008157 1.115515
v 4.007767 -0.008206 1.115517
v 4.007405 -0.008129 1.116268
v 4.007414 -0.008157 1.116273
v 4.007417 -0.008206 1.116274
v 4.006999 -0.008129 1.116995
v 4.007007 -0.008157 1.117000
v 4.007010 -0.008206 1.117002
v 4.007767 -0.008396 1.115517
v 4.007767 -0.008526 1.115517
v 4.007767 -0.008656 1.115517
v 4.007418 -0.008396 1.116274
v 4.007418 -0.008526 1.116274
v 4.007418 -0.008656 1.116274
v 4.007010 -0.008396 1.117002
v 4.007010 -0.008526 1.117002
v 4.007010 -0.008656 1.117002
v 4.008566 -0.008129 1.082783
v 4.008576 -0.008157 1.082784
v 4.008579 -0.008206 1.082785
v 4.008442 -0.008129 1.104370
v 4.008451 -0.008157 1.104372
v 4.008455 -0.008206 1.104373
v 4.008270 -0.008129 1.112836
v 4.008279 -0.008157 1.112838
v 4.008283 -0.008206 1.112839
v 4.008580 -0.008396 1.082785
v 4.008580 -0.008526 1.082785
v 4.008580 -0.008656 1.082785
v 4.008456 -0.008396 1.104373
v 4.008456 -0.008526 1.104373
v 4.008456 -0.008656 1.104373
v 4.008284 -0.008396 1.112839
v 4.008284 -0.008526 1.112839
v 4.008284 -0.008656 1.112839
v 3.700335 -0.008922 1.121768
v 3.700333 -0.008894 1.121778
v 3.700332 -0.008845 1.121781
v 3.706486 -0.008922 1.121940
v 3.706484 -0.008894 1.121950
v 3.706483 -0.008845 1.121953
v 3.721789 -0.008922 1.122064
v 3.721788 -0.008894 1.122074
v 3.721787 -0.008845 1.122078
v 3.700332 -0.008656 1.121782
v 3.700332 -0.008526 1.121782
v 3.700332 -0.008395 1.121782
v 3.706483 -0.008656 1.121954
v 3.706483 -0.008526 1.121954
v 3.706483 -0.008395 1.121954
v 3.721787 -0.008656 1.122078
v 3.721787 -0.008526 1.122078
v 3.721787 -0.008395 1.122078
v 3.696507 -0.008922 1.120497
v 3.696502 -0.008894 1.120505
v 3.696500 -0.008845 1.120508
v 3.697234 -0.008922 1.120903
v 3.697229 -0.008894 1.120912
v 3.697227 -0.008845 1.120916
v 3.697990 -0.008922 1.121252
v 3.697986 -0.008894 1.121261
v 3.697985 -0.008845 1.121265
v 3.696500 -0.008656 1.120509
v 3.696500 -0.008526 1.120509
v 3.696500 -0.008395 1.120509
v 3.697227 -0.008656 1.120916
v 3.697227 -0.008526 1.120916
v 3.697227 -0.008395 1.120916
v 3.697985 -0.008656 1.121265
v 3.697985 -0.008526 1.121265
v 3.697985 -0.008395 1.121265
v 3.693984 -0.008922 1.118341
v 3.693976 -0.008894 1.118348
v 3.693973 -0.008845 1.118350
v 3.694549 -0.008922 1.118953
v 3.694542 -0.008894 1.118960
v 3.694539 -0.008845 1.118962
v 3.695160 -0.008922 1.119518
v 3.695154 -0.008894 1.119526
v 3.695152 -0.008845 1.119529
v 3.693973 -0.008656 1.118351
v 3.693973 -0.008526 1.118350
v 3.693973 -0.008395 1.118350
v 3.694539 -0.008656 1.118963
v 3.694539 -0.008526 1.118963
v 3.694539 -0.008395 1.118963
v 3.695151 -0.008656 1.119529
v 3.695151 -0.008526 1.119529
v 3.695151 -0.008395 1.119529
v 3.692250 -0.008922 1.115512
v 3.692240 -0.008894 1.115515
v 3.692237 -0.008845 1.115517
v 3.692598 -0.008922 1.116268
v 3.692590 -0.008894 1.116273
v 3.692586 -0.008845 1.116274
v 3.693005 -0.008922 1.116995
v 3.692997 -0.008894 1.117000
v 3.692994 -0.008845 1.117002
v 3.692237 -0.008656 1.115517
v 3.692237 -0.008526 1.115517
v 3.692237 -0.008395 1.115517
v 3.692586 -0.008656 1.116274
v 3.692586 -0.008526 1.116274
v 3.692586 -0.008395 1.116274
v 3.692993 -0.008656 1.117002
v 3.692993 -0.008526 1.117002
v 3.692993 -0.008395 1.117002
v 3.691437 -0.008922 1.082783
v 3.691428 -0.008894 1.082784
v 3.691424 -0.008845 1.082785
v 3.691562 -0.008922 1.104370
v 3.691552 -0.008894 1.104372
v 3.691549 -0.008845 1.104373
v 3.691734 -0.008922 1.112836
v 3.691724 -0.008894 1.112838
v 3.691721 -0.008845 1.112839
v 3.691424 -0.008656 1.082785
v 3.691424 -0.008526 1.082785
v 3.691424 -0.008395 1.082785
v 3.691548 -0.008656 1.104373
v 3.691548 -0.008526 1.104373
v 3.691548 -0.008395 1.104373
v 3.691720 -0.008656 1.112839
v 3.691720 -0.008526 1.112839
v 3.691720 -0.008395 1.112839
v 3.904168 -0.008922 1.122197
v 3.850002 -0.008922 1.122214
v 3.795835 -0.008922 1.122197
v 3.904169 -0.008894 1.122207
v 3.850002 -0.008894 1.122224
v 3.795835 -0.008894 1.122207
v 3.904169 -0.008845 1.122211
v 3.850002 -0.008845 1.122227
v 3.795835 -0.008845 1.122211
v 3.904169 -0.008656 1.122211
v 3.850002 -0.008656 1.122228
v 3.795835 -0.008656 1.122211
v 3.904169 -0.008526 1.122211
v 3.850002 -0.008526 1.122228
v 3.795835 -0.008526 1.122211
v 3.904169 -0.008396 1.122211
v 3.850002 -0.008396 1.122228
v 3.795835 -0.008396 1.122211
v 4.008699 -0.008922 0.822683
v 4.008716 -0.008922 0.900000
v 4.008699 -0.008922 0.977317
v 4.008709 -0.008894 0.822682
v 4.008726 -0.008894 0.900000
v 4.008709 -0.008894 0.977318
v 4.008713 -0.008845 0.822682
v 4.008729 -0.008845 0.900000
v 4.008713 -0.008845 0.977318
v 4.008713 -0.008656 0.822682
v 4.008730 -0.008656 0.900000
v 4.008713 -0.008656 0.977318
v 4.008713 -0.008526 0.822682
v 4.008730 -0.008526 0.900000
v 4.008713 -0.008526 0.977318
v 4.008713 -0.008396 0.822682
v 4.008730 -0.008396 0.900000
v 4.008713 -0.008396 0.977318
v 3.795835 -0.008922 0.677803
v 3.850002 -0.008922 0.677786
v 3.904168 -0.008922 0.677803
v 3.795835 -0.008894 0.677793
v 3.850002 -0.008894 0.677776
v 3.904169 -0.008894 0.677793
v 3.795835 -0.008845 0.677789
v 3.850002 -0.008845 0.677773
v 3.904169 -0.008845 0.677789
v 3.795835 -0.008656 0.677788
v 3.850002 -0.008656 0.677772
v 3.904169 -0.008656 0.677788
v 3.795835 -0.008526 0.677788
v 3.850002 -0.008526 0.677772
v 3.904169 -0.008526 0.677788
v 3.795835 -0.008396 0.677788
v 3.850002 -0.008396 0.677772
v 3.904169 -0.008396 0.677788
v 3.707293 -0.008101 1.057391
v 3.709608 -0.008101 1.078457
v 3.707577 -0.008101 1.091367
v 3.696289 -0.008102 1.075161
v 3.697021 -0.008102 1.096633
v 3.696579 -0.008102 1.106323
v 3.692082 -0.008106 1.081825
v 3.692282 -0.008106 1.103395
v 3.692377 -0.008106 1.112012
v 3.708014 -0.008101 1.094022
v 3.710521 -0.008101 1.091729
v 3.708719 -0.008101 1.095407
v 3.697071 -0.008102 1.108987
v 3.698015 -0.008102 1.108888
v 3.697804 -0.008102 1.110428
v 3.692888 -0.008106 1.114681
v 3.693310 -0.008106 1.115328
v 3.693638 -0.008106 1.116154
v 3.709548 -0.008101 1.096547
v 3.712230 -0.008101 1.094082
v 3.710646 -0.008101 1.097646
v 3.698737 -0.008102 1.111711
v 3.699885 -0.008102 1.111461
v 3.699880 -0.008102 1.112854
v 3.694607 -0.008106 1.117487
v 3.695243 -0.008106 1.117989
v 3.695776 -0.008106 1.118656
v 3.711786 -0.008101 1.098474
v 3.714583 -0.008101 1.095791
v 3.713171 -0.008101 1.099179
v 3.701163 -0.008102 1.113786
v 3.702458 -0.008102 1.113331
v 3.702604 -0.008102 1.114520
v 3.697109 -0.008106 1.119625
v 3.697904 -0.008106 1.119923
v 3.698582 -0.008106 1.120375
v 3.715428 -0.008101 1.099616
v 3.724676 -0.008101 1.096703
v 3.739586 -0.008101 1.099900
v 3.704918 -0.008102 1.115012
v 3.711920 -0.008102 1.114325
v 3.727132 -0.008102 1.115302
v 3.700918 -0.008106 1.120886
v 3.707173 -0.008106 1.120950
v 3.722463 -0.008106 1.121181
v 3.992427 -0.008101 1.091367
v 3.990395 -0.008101 1.078457
v 3.992711 -0.008101 1.057391
v 4.003425 -0.008102 1.106323
v 4.002983 -0.008102 1.096633
v 4.003715 -0.008102 1.075161
v 4.007627 -0.008107 1.112012
v 4.007721 -0.008107 1.103395
v 4.007921 -0.008107 1.081825
v 3.991284 -0.008101 1.095407
v 3.989483 -0.008101 1.091729
v 3.991990 -0.008101 1.094022
v 4.002199 -0.008102 1.110428
v 4.001988 -0.008102 1.108888
v 4.002933 -0.008102 1.108987
v 4.006366 -0.008107 1.116154
v 4.006694 -0.008107 1.115328
v 4.007116 -0.008107 1.114681
v 3.989358 -0.008101 1.097646
v 3.987774 -0.008101 1.094082
v 3.990456 -0.008101 1.096547
v 4.000124 -0.008102 1.112854
v 4.000119 -0.008102 1.111461
v 4.001267 -0.008102 1.111711
v 4.004228 -0.008107 1.118656
v 4.004760 -0.008107 1.117989
v 4.005397 -0.008107 1.117487
v 3.986833 -0.008101 1.099179
v 3.985421 -0.008101 1.095791
v 3.988218 -0.008101 1.098474
v 3.997400 -0.008102 1.114520
v 3.997546 -0.008102 1.113331
v 3.998841 -0.008102 1.113786
v 4.001422 -0.008107 1.120375
v 4.002100 -0.008107 1.119923
v 4.002894 -0.008107 1.119625
v 3.960418 -0.008101 1.099900
v 3.975328 -0.008101 1.096703
v 3.984576 -0.008101 1.099616
v 3.972871 -0.008102 1.115302
v 3.988084 -0.008102 1.114325
v 3.995085 -0.008102 1.115012
v 3.977541 -0.008107 1.121181
v 3.992831 -0.008107 1.120950
v 3.999085 -0.008107 1.120886
v 3.992711 -0.008101 0.742609
v 3.990395 -0.008101 0.721543
v 3.992427 -0.008101 0.708633
v 4.003715 -0.008102 0.724839
v 4.002983 -0.008102 0.703367
v 4.003425 -0.008102 0.693676
v 4.007921 -0.008107 0.718175
v 4.007721 -0.008107 0.696604
v 4.007627 -0.008107 0.687988
v 3.991990 -0.008101 0.705978
v 3.989483 -0.008101 0.708271
v 3.991284 -0.008101 0.704593
v 4.002933 -0.008102 0.691013
v 4.001988 -0.008102 0.691112
v 4.002199 -0.008102 0.689572
v 4.007116 -0.008107 0.685319
v 4.006694 -0.008107 0.684672
v 4.006366 -0.008107 0.683846
v 3.990456 -0.008101 0.703453
v 3.987774 -0.008101 0.705918
v 3.989358 -0.008101 0.702354
v 4.001267 -0.008102 0.688289
v 4.000119 -0.008102 0.688539
v 4.000124 -0.008102 0.687146
v 4.005397 -0.008107 0.682512
v 4.004760 -0.008107 0.682011
v 4.004228 -0.008107 0.681344
v 3.988218 -0.008101 0.701526
v 3.985421 -0.008101 0.704209
v 3.986833 -0.008101 0.700821
v 3.998841 -0.008102 0.686214
v 3.997546 -0.008102 0.686669
v 3.997400 -0.008102 0.685480
v 4.002894 -0.008107 0.680375
v 4.002100 -0.008107 0.680077
v 4.001422 -0.008107 0.679625
v 3.984576 -0.008101 0.700384
v 3.975328 -0.008101 0.703297
v 3.960418 -0.008101 0.700100
v 3.995085 -0.008102 0.684988
v 3.988084 -0.008102 0.685675
v 3.972871 -0.008102 0.684698
v 3.999085 -0.008107 0.679114
v 3.992831 -0.008107 0.679050
v 3.977541 -0.008107 0.678819
v 3.707577 -0.008101 0.708633
v 3.709608 -0.008101 0.721543
v 3.707293 -0.008101 0.742609
v 3.696579 -0.008102 0.693676
v 3.697021 -0.008102 0.703367
v 3.696289 -0.008102 0.724839
v 3.692377 -0.008106 0.687988
v 3.692282 -0.008106 0.696604
v 3.692082 -0.008106 0.718175
v 3.708719 -0.008101 0.704593
v 3.710521 -0.008101 0.708271
v 3.708014 -0.008101 0.705978
v 3.697804 -0.008102 0.689572
v 3.698015 -0.008102 0.691112
v 3.697071 -0.008102 0.691013
v 3.693638 -0.008106 0.683846
v 3.693310 -0.008106 0.684672
v 3.692888 -0.008106 0.685319
v 3.710646 -0.008101 0.702354
v 3.712230 -0.008101 0.705918
v 3.709548 -0.008101 0.703453
v 3.699880 -0.008102 0.687146
v 3.699885 -0.008102 0.688539
v 3.698737 -0.008102 0.688289
v 3.695776 -0.008106 0.681344
v 3.695243 -0.008106 0.682011
v 3.694607 -0.008106 0.682512
v 3.713171 -0.008101 0.700821
v 3.714583 -0.008101 0.704209
v 3.711786 -0.008101 0.701526
v 3.702604 -0.008102 0.685480
v 3.702458 -0.008102 0.686669
v 3.701163 -0.008102 0.686214
v 3.698582 -0.008106 0.679625
v 3.697904 -0.008106 0.680077
v 3.697109 -0.008106 0.680375
v 3.739586 -0.008101 0.700100
v 3.724676 -0.008101 0.703297
v 3.715428 -0.008101 0.700384
v 3.727132 -0.008102 0.684698
v 3.711920 -0.008102 0.685675
v 3.704918 -0.008102 0.684988
v 3.722463 -0.008106 0.678819
v 3.707173 -0.008106 0.679050
v 3.700918 -0.008106 0.679114
v 3.707179 -0.008101 0.832480
v 3.709364 -0.008101 0.900000
v 3.707179 -0.008101 0.967520
v 3.696161 -0.008102 0.826001
v 3.696757 -0.008102 0.900000
v 3.696161 -0.008102 0.973999
v 3.691950 -0.008106 0.823099
v 3.692010 -0.008106 0.900000
v 3.691950 -0.008106 0.976901
v 3.897321 -0.008101 0.699986
v 3.850002 -0.008101 0.703053
v 3.802682 -0.008101 0.699986
v 3.901848 -0.008102 0.684570
v 3.850002 -0.008102 0.685411
v 3.798156 -0.008102 0.684570
v 3.903876 -0.008106 0.678687
v 3.850002 -0.008106 0.678778
v 3.796127 -0.008106 0.678687
v 3.992824 -0.008101 0.967520
v 3.990639 -0.008101 0.900000
v 3.992824 -0.008101 0.832480
v 4.003842 -0.008102 0.973999
v 4.003247 -0.008102 0.900000
v 4.003842 -0.008102 0.826001
v 4.008053 -0.008107 0.976901
v 4.007994 -0.008107 0.900000
v 4.008053 -0.008107 0.823099
v 3.802682 -0.008101 1.100014
v 3.850002 -0.008101 1.096947
v 3.897321 -0.008101 1.100014
v 3.798156 -0.008102 1.115430
v 3.850002 -0.008102 1.114589
v 3.901848 -0.008102 1.115430
v 3.796127 -0.008106 1.121313
v 3.850002 -0.008106 1.121222
v 3.903876 -0.008106 1.121313
v 3.707577 -0.008950 1.091367
v 3.709608 -0.008950 1.078457
v 3.707293 -0.008950 1.057391
v 3.696579 -0.008949 1.106323
v 3.697021 -0.008949 1.096633
v 3.696289 -0.008949 1.075161
v 3.692377 -0.008945 1.112012
v 3.692282 -0.008945 1.103395
v 3.692082 -0.008945 1.081825
v 3.708719 -0.008950 1.095407
v 3.710521 -0.008950 1.091729
v 3.708014 -0.008950 1.094022
v 3.697804 -0.008949 1.110428
v 3.698015 -0.008949 1.108888
v 3.697071 -0.008949 1.108987
v 3.693638 -0.008945 1.116154
v 3.693310 -0.008945 1.115328
v 3.692888 -0.008945 1.114681
v 3.710646 -0.008950 1.097646
v 3.712230 -0.008950 1.094082
v 3.709548 -0.008950 1.096547
v 3.699880 -0.008949 1.112854
v 3.699885 -0.008949 1.111461
v 3.698737 -0.008949 1.111711
v 3.695776 -0.008945 1.118656
v 3.695243 -0.008945 1.117989
v 3.694607 -0.008945 1.117487
v 3.713171 -0.008950 1.099179
v 3.714583 -0.008950 1.095791
v 3.711786 -0.008950 1.098474
v 3.702604 -0.008949 1.114520
v 3.702458 -0.008949 1.113331
v 3.701163 -0.008949 1.113786
v 3.698582 -0.008945 1.120375
v 3.697904 -0.008945 1.119923
v 3.697109 -0.008945 1.119625
v 3.739586 -0.008950 1.099900
v 3.724676 -0.008950 1.096703
v 3.715428 -0.008950 1.099616
v 3.727132 -0.008949 1.115302
v 3.711920 -0.008949 1.114325
v 3.704918 -0.008949 1.115012
v 3.722463 -0.008945 1.121181
v 3.707173 -0.008945 1.120950
v 3.700918 -0.008945 1.120886
v 3.992711 -0.008950 1.057391
v 3.990395 -0.008950 1.078457
v 3.992427 -0.008950 1.091367
v 4.003715 -0.008949 1.075161
v 4.002983 -0.008949 1.096633
v 4.003425 -0.008949 1.106323
v 4.007921 -0.008945 1.081825
v 4.007721 -0.008945 1.103395
v 4.007627 -0.008945 1.112012
v 3.991990 -0.008950 1.094022
v 3.989483 -0.008950 1.091729
v 3.991284 -0.008950 1.095407
v 4.002933 -0.008949 1.108987
v 4.001988 -0.008949 1.108888
v 4.002199 -0.008949 1.110428
v 4.007116 -0.008945 1.114681
v 4.006694 -0.008945 1.115328
v 4.006366 -0.008945 1.116154
v 3.990456 -0.008950 1.096547
v 3.987774 -0.008950 1.094082
v 3.989358 -0.008950 1.097646
v 4.001267 -0.008949 1.111711
v 4.000119 -0.008949 1.111461
v 4.000124 -0.008949 1.112854
v 4.005397 -0.008945 1.117487
v 4.004760 -0.008945 1.117989
v 4.004228 -0.008945 1.118656
v 3.988218 -0.008950 1.098474
v 3.985421 -0.008950 1.095791
v 3.986833 -0.008950 1.099179
v 3.998841 -0.008949 1.113786
v 3.997546 -0.008949 1.113331
v 3.997400 -0.008949 1.114520
v 4.002894 -0.008945 1.119625
v 4.002100 -0.008945 1.119923
v 4.001422 -0.008945 1.120375
v 3.984576 -0.008950 1.099616
v 3.975328 -0.008950 1.096703
v 3.960418 -0.008950 1.099900
v 3.995085 -0.008949 1.115012
v 3.988084 -0.008949 1.114325
v 3.972871 -0.008949 1.115302
v 3.999085 -0.008945 1.120886
v 3.992831 -0.008945 1.120950
v 3.977541 -0.008945 1.121181
v 3.992427 -0.008950 0.708633
v 3.990395 -0.008950 0.721543
v 3.992711 -0.008950 0.742609
v 4.003425 -0.008949 0.693676
v 4.002983 -0.008949 0.703367
v 4.003715 -0.008949 0.724839
v 4.007627 -0.008945 0.687988
v 4.007721 -0.008945 0.696604
v 4.007921 -0.008945 0.718175
v 3.991284 -0.008950 0.704593
v 3.989483 -0.008950 0.708271
v 3.991990 -0.008950 0.705978
v 4.002199 -0.008949 0.689572
v 4.001988 -0.008949 0.691112
v 4.002933 -0.008949 0.691013
v 4.006366 -0.008945 0.683846
v 4.006694 -0.008945 0.684672
v 4.007116 -0.008945 0.685319
v 3.989358 -0.008950 0.702354
v 3.987774 -0.008950 0.705918
v 3.990456 -0.008950 0.703453
v 4.000124 -0.008949 0.687146
v 4.000119 -0.008949 0.688539
v 4.001267 -0.008949 0.688289
v 4.004228 -0.008945 0.681344
v 4.004760 -0.008945 0.682011
v 4.005397 -0.008945 0.682512
v 3.986833 -0.008950 0.700821
v 3.985421 -0.008950 0.704209
v 3.988218 -0.008950 0.701526
v 3.997400 -0.008949 0.685480
v 3.997546 -0.008949 0.686669
v 3.998841 -0.008949 0.686214
v 4.001422 -0.008945 0.679625
v 4.002100 -0.008945 0.680077
v 4.002894 -0.008945 0.680375
v 3.960418 -0.008950 0.700100
v 3.975328 -0.008950 0.703297
v 3.984576 -0.008950 0.700384
v 3.972871 -0.008949 0.684698
v 3.988084 -0.008949 0.685675
v 3.995085 -0.008949 0.684988
v 3.977541 -0.008945 0.678819
v 3.992831 -0.008945 0.679050
v 3.999085 -0.008945 0.679114
v 3.707293 -0.008950 0.742609
v 3.709608 -0.008950 0.721543
v 3.707577 -0.008950 0.708633
v 3.696289 -0.008949 0.724839
v 3.697021 -0.008949 0.703367
v 3.696579 -0.008949 0.693676
v 3.692082 -0.008945 0.718175
v 3.692282 -0.008945 0.696604
v 3.692377 -0.008945 0.687988
v 3.708014 -0.008950 0.705978
v 3.710521 -0.008950 0.708271
v 3.708719 -0.008950 0.704593
v 3.697071 -0.008949 0.691013
v 3.698015 -0.008949 0.691112
v 3.697804 -0.008949 0.689572
v 3.692888 -0.008945 0.685319
v 3.693310 -0.008945 0.684672
v 3.693638 -0.008945 0.683846
v 3.709548 -0.008950 0.703453
v 3.712230 -0.008950 0.705918
v 3.710646 -0.008950 0.702354
v 3.698737 -0.008949 0.688289
v 3.699885 -0.008949 0.688539
v 3.699880 -0.008949 0.687146
v 3.694607 -0.008945 0.682512
v 3.695243 -0.008945 0.682011
v 3.695776 -0.008945 0.681344
v 3.711786 -0.008950 0.701526
v 3.714583 -0.008950 0.704209
v 3.713171 -0.008950 0.700821
v 3.701163 -0.008949 0.686214
v 3.702458 -0.008949 0.686669
v 3.702604 -0.008949 0.685480
v 3.697109 -0.008945 0.680375
v 3.697904 -0.008945 0.680077
v 3.698582 -0.008945 0.679625
v 3.715428 -0.008950 0.700384
v 3.724676 -0.008950 0.703297
v 3.739586 -0.008950 0.700100
v 3.704918 -0.008949 0.684988
v 3.711920 -0.008949 0.685675
v 3.727132 -0.008949 0.684698
v 3.700918 -0.008945 0.679114
v 3.707173 -0.008945 0.679050
v 3.722463 -0.008945 0.678819
v 3.707179 -0.008950 0.967520
v 3.709364 -0.008950 0.900000
v 3.707179 -0.008950 0.832480
v 3.696161 -0.008949 0.973999
v 3.696757 -0.008949 0.900000
v 3.696161 -0.008949 0.826001
v 3.691950 -0.008945 0.976901
v 3.692010 -0.008945 0.900000
v 3.691950 -0.008945 0.823099
v 3.802682 -0.008950 0.699986
v 3.850002 -0.008950 0.703053
v 3.897321 -0.008950 0.699986
v 3.798156 -0.008949 0.684570
v 3.850002 -0.008949 0.685411
v 3.901848 -0.008949 0.684570
v 3.796127 -0.008945 0.678687
v 3.850002 -0.008945 0.678778
v 3.903876 -0.008945 0.678687
v 3.897321 -0.008950 1.100014
v 3.850002 -0.008950 1.096947
v 3.802682 -0.008950 1.100014
v 3.901848 -0.008949 1.115430
v 3.850002 -0.008949 1.114589
v 3.798156 -0.008949 1.115430
v 3.903876 -0.008945 1.121313
v 3.850002 -0.008945 1.121222
v 3.796127 -0.008945 1.121313
v 3.992824 -0.008950 0.832480
v 3.990639 -0.008950 0.900000
v 3.992824 -0.008950 0.967520
v 4.003842 -0.008949 0.826001
v 4.003247 -0.008949 0.900000
v 4.003842 -0.008949 0.973999
v 4.008053 -0.008945 0.823099
v 4.007994 -0.008945 0.900000
v 4.008053 -0.008945 0.976901
vt 0.911382 0.608935
vt 0.917424 0.616292
vt 0.944417 0.583449
vt 0.917373 0.583449
vt 0.911514 0.631187
vt 0.917603 0.623196
vt 0.911823 0.632498
vt 0.917928 0.623806
vt 0.912303 0.632997
vt 0.918469 0.624144
vt 0.913348 0.633317
vt 0.923089 0.624330
vt 0.927897 0.633455
vt 0.944418 0.624383
vt 0.960939 0.633455
vt 0.965747 0.624330
vt 0.975488 0.633317
vt 0.970367 0.624144
vt 0.976533 0.632997
vt 0.970908 0.623806
vt 0.977012 0.632498
vt 0.971233 0.623196
vt 0.977321 0.631188
vt 0.971411 0.616292
vt 0.977454 0.608935
vt 0.971463 0.583449
vt 0.977454 0.557963
vt 0.971411 0.550606
vt 0.977321 0.535711
vt 0.971233 0.543701
vt 0.977012 0.534400
vt 0.970908 0.543091
vt 0.976532 0.533902
vt 0.970366 0.542754
vt 0.975488 0.533581
vt 0.965747 0.542568
vt 0.960939 0.533443
vt 0.944418 0.542515
vt 0.927897 0.533443
vt 0.923089 0.542568
vt 0.913348 0.533581
vt 0.918469 0.542754
vt 0.912303 0.533901
vt 0.917928 0.543091
vt 0.911823 0.534400
vt 0.917603 0.543701
vt 0.911514 0.535711
vt 0.917424 0.550606
vt 0.911382 0.557963
vt 0.899462 0.622597
vt 0.902446 0.629001
vt 0.902419 0.606671
vt 0.904599 0.636454
vt 0.904527 0.583449
vt 0.899637 0.649327
vt 0.902650 0.645141
vt 0.902548 0.644191
vt 0.904859 0.642280
vt 0.900060 0.650188
vt 0.903089 0.645918
vt 0.902896 0.645643
vt 0.905343 0.642972
vt 0.900717 0.650870
vt 0.903737 0.646517
vt 0.903472 0.646317
vt 0.906009 0.643474
vt 0.901547 0.651309
vt 0.904936 0.646878
vt 0.904221 0.646772
vt 0.910020 0.643744
vt 0.919060 0.651491
vt 0.929378 0.647012
vt 0.914893 0.646984
vt 0.944418 0.643818
vt 0.969776 0.651491
vt 0.973943 0.646984
vt 0.959458 0.647012
vt 0.978816 0.643744
vt 0.987289 0.651309
vt 0.984615 0.646772
vt 0.983899 0.646878
vt 0.982827 0.643474
vt 0.988118 0.650870
vt 0.985364 0.646317
vt 0.985099 0.646517
vt 0.983493 0.642972
vt 0.988776 0.650188
vt 0.985940 0.645643
vt 0.985747 0.645918
vt 0.983977 0.642280
vt 0.989198 0.649327
vt 0.986288 0.644191
vt 0.986186 0.645141
vt 0.984237 0.636454
vt 0.989374 0.622597
vt 0.986417 0.606670
vt 0.986390 0.629001
vt 0.984308 0.583449
vt 0.989374 0.544301
vt 0.986390 0.537897
vt 0.986417 0.560228
vt 0.984237 0.530444
vt 0.989198 0.517571
vt 0.986186 0.521757
vt 0.986288 0.522707
vt 0.983977 0.524618
vt 0.988776 0.516710
vt 0.985747 0.520980
vt 0.985940 0.521255
vt 0.983493 0.523927
vt 0.988118 0.516028
vt 0.985099 0.520382
vt 0.985364 0.520582
vt 0.982827 0.523424
vt 0.987289 0.515589
vt 0.983899 0.520020
vt 0.984615 0.520126
vt 0.978816 0.523154
vt 0.969776 0.515407
vt 0.959458 0.519886
vt 0.973943 0.519914
vt 0.944418 0.523080
vt 0.919060 0.515407
vt 0.914893 0.519914
vt 0.929378 0.519886
vt 0.910020 0.523154
vt 0.901547 0.515589
vt 0.904221 0.520126
vt 0.904936 0.520020
vt 0.906009 0.523424
vt 0.900717 0.516028
vt 0.903472 0.520582
vt 0.903737 0.520382
vt 0.905343 0.523927
vt 0.900060 0.516710
vt 0.902896 0.521255
vt 0.903088 0.520980
vt 0.904859 0.524618
vt 0.899637 0.517571
vt 0.902547 0.522708
vt 0.902650 0.521757
vt 0.904599 0.530444
vt 0.899462 0.544301
vt 0.902419 0.560228
vt 0.902446 0.537897
vt 0.895847 0.525472
vt 0.896635 0.517718
vt 0.892350 0.511022
vt 0.892101 0.518925
vt 0.895944 0.512971
vt 0.892200 0.507462
vt 0.890734 0.508531
vt 0.890665 0.516470
vt 0.890766 0.505366
vt 0.895054 0.538338
vt 0.895245 0.511120
vt 0.892067 0.506461
vt 0.890817 0.504641
vt 0.890625 0.504376
vt 0.890547 0.505063
vt 0.890489 0.508172
vt 0.890446 0.516117
vt 0.890611 0.531591
vt 0.890418 0.531312
vt 0.891865 0.533538
vt 0.896093 0.512012
vt 0.896947 0.512865
vt 0.892690 0.506548
vt 0.892368 0.506502
vt 0.896334 0.511521
vt 0.892618 0.505991
vt 0.891085 0.504176
vt 0.890941 0.504404
vt 0.891197 0.503882
vt 0.895710 0.510172
vt 0.892564 0.505448
vt 0.891328 0.503599
vt 0.891140 0.503327
vt 0.890982 0.503572
vt 0.890843 0.503830
vt 0.890724 0.504099
vt 0.896617 0.511117
vt 0.897530 0.512031
vt 0.893328 0.505636
vt 0.892937 0.505536
vt 0.896992 0.510727
vt 0.893327 0.505131
vt 0.891746 0.503232
vt 0.891529 0.503408
vt 0.891928 0.502993
vt 0.896434 0.509420
vt 0.893338 0.504644
vt 0.892124 0.502773
vt 0.891942 0.502494
vt 0.891719 0.502677
vt 0.891510 0.502877
vt 0.891316 0.503094
vt 0.897381 0.510434
vt 0.898334 0.511426
vt 0.894207 0.504973
vt 0.893765 0.504800
vt 0.897854 0.510184
vt 0.894258 0.504540
vt 0.892656 0.502545
vt 0.892384 0.502650
vt 0.892887 0.502383
vt 0.897347 0.508937
vt 0.894314 0.504128
vt 0.893127 0.502243
vt 0.892953 0.501959
vt 0.892686 0.502061
vt 0.892428 0.502185
vt 0.892179 0.502329
vt 0.898624 0.510029
vt 0.901771 0.511102
vt 0.897430 0.504620
vt 0.895047 0.504365
vt 0.906845 0.509928
vt 0.902607 0.504262
vt 0.895814 0.502181
vt 0.893685 0.502202
vt 0.901018 0.502097
vt 0.915205 0.508739
vt 0.912104 0.503919
vt 0.910846 0.502029
vt 0.910665 0.501743
vt 0.900789 0.501773
vt 0.895580 0.501817
vt 0.893486 0.501878
vt 0.992892 0.512971
vt 0.992200 0.517718
vt 0.996486 0.511022
vt 0.996636 0.507462
vt 0.992989 0.525472
vt 0.996735 0.518925
vt 0.998102 0.508531
vt 0.998069 0.505366
vt 0.998170 0.516470
vt 0.993591 0.511120
vt 0.993782 0.538338
vt 0.996971 0.533538
vt 0.998224 0.531591
vt 0.998418 0.531312
vt 0.998390 0.516117
vt 0.998347 0.508172
vt 0.998288 0.505063
vt 0.998018 0.504641
vt 0.998211 0.504376
vt 0.996769 0.506461
vt 0.992502 0.511521
vt 0.991889 0.512866
vt 0.996146 0.506548
vt 0.996217 0.505991
vt 0.992742 0.512012
vt 0.996468 0.506502
vt 0.997751 0.504176
vt 0.997638 0.503881
vt 0.997895 0.504404
vt 0.993126 0.510172
vt 0.998112 0.504099
vt 0.997993 0.503830
vt 0.997854 0.503572
vt 0.997507 0.503599
vt 0.997696 0.503327
vt 0.996272 0.505448
vt 0.991844 0.510727
vt 0.991305 0.512031
vt 0.995508 0.505636
vt 0.995509 0.505130
vt 0.992219 0.511117
vt 0.995899 0.505536
vt 0.997090 0.503232
vt 0.996908 0.502993
vt 0.997307 0.503408
vt 0.992402 0.509420
vt 0.997519 0.503094
vt 0.997326 0.502877
vt 0.997117 0.502677
vt 0.996712 0.502773
vt 0.996893 0.502494
vt 0.995498 0.504644
vt 0.990982 0.510184
vt 0.990502 0.511426
vt 0.994629 0.504973
vt 0.994578 0.504540
vt 0.991455 0.510434
vt 0.995070 0.504800
vt 0.996180 0.502545
vt 0.995948 0.502383
vt 0.996452 0.502650
vt 0.991489 0.508937
vt 0.996657 0.502329
vt 0.996408 0.502185
vt 0.996150 0.502061
vt 0.995708 0.502243
vt 0.995883 0.501959
vt 0.994522 0.504128
vt 0.981990 0.509928
vt 0.987064 0.511102
vt 0.991405 0.504620
vt 0.986228 0.504262
vt 0.990212 0.510029
vt 0.993789 0.504365
vt 0.993021 0.502181
vt 0.987818 0.502097
vt 0.995151 0.502202
vt 0.973630 0.508739
vt 0.995349 0.501878
vt 0.993255 0.501817
vt 0.988047 0.501773
vt 0.977989 0.502029
vt 0.978170 0.501743
vt 0.976732 0.503919
vt 0.992989 0.641426
vt 0.992200 0.649180
vt 0.996486 0.655876
vt 0.996735 0.647973
vt 0.992892 0.653927
vt 0.996636 0.659436
vt 0.998102 0.658367
vt 0.998170 0.650428
vt 0.998069 0.661532
vt 0.993782 0.628561
vt 0.993591 0.655778
vt 0.996769 0.660437
vt 0.998018 0.662257
vt 0.998211 0.662522
vt 0.998288 0.661835
vt 0.998347 0.658726
vt 0.998390 0.650781
vt 0.998224 0.635307
vt 0.998418 0.635586
vt 0.996971 0.633360
vt 0.992742 0.654887
vt 0.991889 0.654033
vt 0.996146 0.660350
vt 0.996468 0.660396
vt 0.992501 0.655377
vt 0.996217 0.660907
vt 0.997751 0.662722
vt 0.997895 0.662494
vt 0.997638 0.663016
vt 0.993126 0.656726
vt 0.996272 0.661450
vt 0.997507 0.663299
vt 0.997696 0.663572
vt 0.997854 0.663326
vt 0.997993 0.663068
vt 0.998112 0.662799
vt 0.992219 0.655782
vt 0.991305 0.654867
vt 0.995508 0.661262
vt 0.995899 0.661362
vt 0.991844 0.656171
vt 0.995509 0.661767
vt 0.997090 0.663667
vt 0.997307 0.663490
vt 0.996908 0.663905
vt 0.992402 0.657478
vt 0.995498 0.662254
vt 0.996711 0.664125
vt 0.996893 0.664404
vt 0.997117 0.664221
vt 0.997326 0.664021
vt 0.997519 0.663804
vt 0.991455 0.656464
vt 0.990502 0.655472
vt 0.994629 0.661925
vt 0.995070 0.662098
vt 0.990982 0.656714
vt 0.994578 0.662358
vt 0.996180 0.664353
vt 0.996452 0.664248
vt 0.995948 0.664515
vt 0.991489 0.657961
vt 0.994522 0.662770
vt 0.995708 0.664655
vt 0.995883 0.664939
vt 0.996150 0.664837
vt 0.996408 0.664713
vt 0.996657 0.664569
vt 0.990212 0.656869
vt 0.987064 0.655796
vt 0.991405 0.662278
vt 0.993789 0.662533
vt 0.981990 0.656970
vt 0.986228 0.662636
vt 0.993021 0.664717
vt 0.995151 0.664696
vt 0.987818 0.664801
vt 0.973630 0.658159
vt 0.976732 0.662979
vt 0.977989 0.664869
vt 0.978170 0.665155
vt 0.988047 0.665125
vt 0.993255 0.665081
vt 0.995349 0.665020
vt 0.895944 0.653927
vt 0.896635 0.649180
vt 0.892350 0.655876
vt 0.892200 0.659436
vt 0.895847 0.641426
vt 0.892101 0.647973
vt 0.890734 0.658367
vt 0.890766 0.661532
vt 0.890666 0.650428
vt 0.895245 0.655778
vt 0.895054 0.628561
vt 0.891865 0.633360
vt 0.890611 0.635307
vt 0.890418 0.635586
vt 0.890446 0.650781
vt 0.890489 0.658726
vt 0.890547 0.661835
vt 0.890817 0.662257
vt 0.890625 0.662522
vt 0.892067 0.660437
vt 0.896334 0.655377
vt 0.896947 0.654033
vt 0.892690 0.660350
vt 0.892618 0.660907
vt 0.896093 0.654887
vt 0.892368 0.660396
vt 0.891085 0.662722
vt 0.891197 0.663016
vt 0.890941 0.662494
vt 0.895710 0.656726
vt 0.890724 0.662799
vt 0.890843 0.663068
vt 0.890982 0.663326
vt 0.891328 0.663299
vt 0.891140 0.663572
vt 0.892564 0.661450
vt 0.896992 0.656171
vt 0.897530 0.654867
vt 0.893328 0.661262
vt 0.893327 0.661768
vt 0.896617 0.655782
vt 0.892937 0.661362
vt 0.891746 0.663667
vt 0.891928 0.663905
vt 0.891529 0.663490
vt 0.896434 0.657478
vt 0.891316 0.663804
vt 0.891510 0.664021
vt 0.891719 0.664221
vt 0.892124 0.664125
vt 0.891942 0.664404
vt 0.893338 0.662254
vt 0.897854 0.656714
vt 0.898334 0.655472
vt 0.894207 0.661925
vt 0.894258 0.662358
vt 0.897381 0.656464
vt 0.893766 0.662098
vt 0.892656 0.664353
vt 0.892888 0.664515
vt 0.892384 0.664248
vt 0.897347 0.657961
vt 0.892179 0.664569
vt 0.892428 0.664713
vt 0.892686 0.664837
vt 0.893127 0.664655
vt 0.892953 0.664939
vt 0.894314 0.662770
vt 0.906845 0.656970
vt 0.901771 0.655796
vt 0.897430 0.662278
vt 0.902608 0.662636
vt 0.898624 0.656869
vt 0.895047 0.662533
vt 0.895814 0.664717
vt 0.901018 0.664801
vt 0.893685 0.664696
vt 0.915205 0.658159
vt 0.893486 0.665020
vt 0.895580 0.665081
vt 0.900789 0.665125
vt 0.910846 0.664869
vt 0.910665 0.665155
vt 0.912104 0.662979
vt 0.895808 0.608323
vt 0.896552 0.583449
vt 0.892260 0.583449
vt 0.892057 0.610711
vt 0.895808 0.558575
vt 0.892057 0.556187
vt 0.890641 0.583449
vt 0.890620 0.611780
vt 0.890620 0.555118
vt 0.890401 0.554964
vt 0.890395 0.583449
vt 0.890401 0.611934
vt 0.960520 0.657010
vt 0.944418 0.655882
vt 0.944418 0.662371
vt 0.962060 0.662681
vt 0.928316 0.657010
vt 0.926776 0.662681
vt 0.944418 0.664814
vt 0.962750 0.664847
vt 0.926085 0.664847
vt 0.925986 0.665172
vt 0.944418 0.665178
vt 0.962850 0.665172
vt 0.993027 0.558575
vt 0.992284 0.583449
vt 0.996576 0.583449
vt 0.996779 0.556187
vt 0.993027 0.608323
vt 0.996779 0.610711
vt 0.998195 0.583449
vt 0.998215 0.555118
vt 0.998215 0.611780
vt 0.998435 0.611934
vt 0.998441 0.583449
vt 0.998435 0.554964
vt 0.928316 0.509888
vt 0.944418 0.511016
vt 0.944418 0.504527
vt 0.926776 0.504217
vt 0.960520 0.509888
vt 0.962060 0.504217
vt 0.944418 0.502084
vt 0.926085 0.502051
vt 0.962750 0.502051
vt 0.962850 0.501726
vt 0.944418 0.501720
vt 0.925986 0.501726
vt 0.349563 0.803913
vt 0.305889 0.748488
vt 0.499633 0.500278
vt 0.499611 0.748834
vt 0.217378 0.803035
vt 0.263869 0.747313
vt 0.207806 0.801005
vt 0.258891 0.745177
vt 0.203379 0.797853
vt 0.255892 0.741357
vt 0.200529 0.789744
vt 0.254247 0.699381
vt 0.199316 0.654750
vt 0.253788 0.500267
vt 0.199339 0.345778
vt 0.254280 0.301151
vt 0.200579 0.210783
vt 0.255934 0.259175
vt 0.203433 0.202674
vt 0.258936 0.255356
vt 0.207861 0.199523
vt 0.263914 0.253221
vt 0.217433 0.197494
vt 0.305934 0.252050
vt 0.349618 0.196630
vt 0.499656 0.251722
vt 0.649704 0.196644
vt 0.693378 0.252068
vt 0.781889 0.197521
vt 0.735398 0.253244
vt 0.791461 0.199551
vt 0.740376 0.255379
vt 0.795888 0.202703
vt 0.743375 0.259199
vt 0.798737 0.210812
vt 0.745019 0.301175
vt 0.799951 0.345806
vt 0.745479 0.500290
vt 0.799928 0.654778
vt 0.744987 0.699405
vt 0.798688 0.789773
vt 0.743332 0.741381
vt 0.795834 0.797882
vt 0.740331 0.745200
vt 0.791406 0.801033
vt 0.735353 0.747335
vt 0.781834 0.803061
vt 0.693333 0.748506
vt 0.649649 0.803926
vt 0.269305 0.913427
vt 0.231457 0.886053
vt 0.363012 0.886235
vt 0.187184 0.866369
vt 0.499600 0.866851
vt 0.110171 0.912267
vt 0.134442 0.884709
vt 0.140984 0.885380
vt 0.150657 0.864657
vt 0.102522 0.909493
vt 0.127536 0.881827
vt 0.129982 0.883092
vt 0.144513 0.861479
vt 0.096457 0.905175
vt 0.122223 0.877568
vt 0.123999 0.879309
vt 0.140049 0.857104
vt 0.092562 0.899729
vt 0.119010 0.868546
vt 0.119952 0.874392
vt 0.137650 0.821593
vt 0.090955 0.737547
vt 0.117840 0.641011
vt 0.118078 0.776380
vt 0.137015 0.500261
vt 0.090987 0.262971
vt 0.118118 0.224139
vt 0.117859 0.359509
vt 0.137700 0.178928
vt 0.092631 0.100787
vt 0.120017 0.126127
vt 0.119072 0.131973
vt 0.140113 0.143417
vt 0.096531 0.095342
vt 0.124068 0.121211
vt 0.122291 0.122952
vt 0.144578 0.139042
vt 0.102597 0.091024
vt 0.130052 0.117428
vt 0.127606 0.118693
vt 0.150724 0.135865
vt 0.110246 0.088252
vt 0.141054 0.115142
vt 0.134512 0.115812
vt 0.187251 0.134157
vt 0.269380 0.087108
vt 0.363082 0.114308
vt 0.231527 0.114478
vt 0.499667 0.133705
vt 0.729962 0.087129
vt 0.767810 0.114503
vt 0.636255 0.114321
vt 0.812082 0.134187
vt 0.889095 0.088289
vt 0.864824 0.115847
vt 0.858283 0.115176
vt 0.848609 0.135899
vt 0.896744 0.091063
vt 0.871730 0.118729
vt 0.869285 0.117464
vt 0.854754 0.139077
vt 0.902809 0.095381
vt 0.877044 0.122989
vt 0.875267 0.121248
vt 0.859218 0.143452
vt 0.906704 0.100827
vt 0.880256 0.132010
vt 0.879315 0.126164
vt 0.861617 0.178963
vt 0.908311 0.263010
vt 0.881427 0.359545
vt 0.881189 0.224176
vt 0.862251 0.500295
vt 0.908279 0.737586
vt 0.881149 0.776417
vt 0.881408 0.641047
vt 0.861566 0.821628
vt 0.906636 0.899769
vt 0.879250 0.874429
vt 0.880195 0.868584
vt 0.859154 0.857139
vt 0.902736 0.905214
vt 0.875199 0.879345
vt 0.876976 0.877604
vt 0.854689 0.861513
vt 0.896670 0.909531
vt 0.869215 0.883127
vt 0.871661 0.881863
vt 0.848543 0.864690
vt 0.889021 0.912303
vt 0.858213 0.885414
vt 0.864755 0.884744
vt 0.812016 0.866398
vt 0.729888 0.913448
vt 0.636186 0.886248
vt 0.767740 0.886078
vt 0.059045 0.072949
vt 0.065314 0.101783
vt 0.026353 0.061194
vt 0.025005 0.039549
vt 0.058135 0.148824
vt 0.024071 0.109143
vt 0.011653 0.046089
vt 0.011969 0.026841
vt 0.011015 0.094260
vt 0.052702 0.061663
vt 0.050913 0.226829
vt 0.021918 0.197742
vt 0.010505 0.185946
vt 0.008729 0.184251
vt 0.009006 0.092119
vt 0.009413 0.043911
vt 0.009971 0.025000
vt 0.012454 0.022370
vt 0.010701 0.020761
vt 0.023814 0.033410
vt 0.062654 0.063904
vt 0.068203 0.072124
vt 0.029511 0.033801
vt 0.028883 0.030356
vt 0.060430 0.067009
vt 0.026566 0.033588
vt 0.014926 0.019410
vt 0.015967 0.017558
vt 0.013597 0.020863
vt 0.056998 0.055667
vt 0.011618 0.019008
vt 0.012723 0.017310
vt 0.014008 0.015679
vt 0.017180 0.015784
vt 0.015467 0.014125
vt 0.028408 0.027003
vt 0.068722 0.058886
vt 0.073588 0.066850
vt 0.035402 0.028031
vt 0.035422 0.024915
vt 0.065263 0.061349
vt 0.031820 0.027479
vt 0.021026 0.013437
vt 0.022709 0.011942
vt 0.019024 0.014564
vt 0.063679 0.050912
vt 0.017093 0.012657
vt 0.018877 0.011285
vt 0.020805 0.010015
vt 0.024522 0.010558
vt 0.022868 0.008858
vt 0.035549 0.021920
vt 0.076675 0.055449
vt 0.080999 0.063018
vt 0.043509 0.023839
vt 0.044005 0.021179
vt 0.072313 0.057030
vt 0.039465 0.022825
vt 0.029418 0.009098
vt 0.031559 0.008083
vt 0.026915 0.009767
vt 0.072103 0.047859
vt 0.025052 0.007820
vt 0.027343 0.006907
vt 0.029729 0.006124
vt 0.033775 0.007204
vt 0.032192 0.005477
vt 0.044551 0.018657
vt 0.158449 0.053836
vt 0.112345 0.060975
vt 0.072925 0.021610
vt 0.119967 0.019429
vt 0.083729 0.054469
vt 0.051247 0.020077
vt 0.058249 0.006792
vt 0.105533 0.006279
vt 0.038876 0.006937
vt 0.234382 0.046615
vt 0.037074 0.004967
vt 0.056125 0.004582
vt 0.103452 0.004305
vt 0.194804 0.005857
vt 0.193161 0.004121
vt 0.206224 0.017342
vt 0.941178 0.148867
vt 0.934011 0.101825
vt 0.972971 0.061241
vt 0.975241 0.109189
vt 0.940289 0.072993
vt 0.974330 0.039597
vt 0.987665 0.046138
vt 0.988289 0.094309
vt 0.987363 0.026890
vt 0.948387 0.226873
vt 0.946638 0.061708
vt 0.975529 0.033457
vt 0.986888 0.022419
vt 0.988638 0.020811
vt 0.989355 0.025050
vt 0.989897 0.043961
vt 0.990288 0.092169
vt 0.988786 0.185994
vt 0.990552 0.184301
vt 0.977380 0.197788
vt 0.938912 0.067053
vt 0.931140 0.072167
vt 0.969839 0.033848
vt 0.972781 0.033635
vt 0.936691 0.063947
vt 0.970469 0.030403
vt 0.984426 0.019458
vt 0.985752 0.020912
vt 0.983386 0.017606
vt 0.942349 0.055711
vt 0.970945 0.027049
vt 0.982175 0.015831
vt 0.983888 0.014173
vt 0.985346 0.015728
vt 0.986629 0.017359
vt 0.987729 0.019057
vt 0.934083 0.061391
vt 0.925757 0.066892
vt 0.963950 0.028077
vt 0.967532 0.027525
vt 0.930624 0.058929
vt 0.963931 0.024961
vt 0.978329 0.013484
vt 0.980331 0.014611
vt 0.976647 0.011988
vt 0.935669 0.050954
vt 0.963805 0.021965
vt 0.974834 0.010605
vt 0.976489 0.008904
vt 0.978550 0.010062
vt 0.980479 0.011332
vt 0.982262 0.012705
vt 0.927035 0.057072
vt 0.918347 0.063059
vt 0.955844 0.023884
vt 0.959889 0.022870
vt 0.922673 0.055490
vt 0.955349 0.021223
vt 0.969939 0.009143
vt 0.972441 0.009813
vt 0.967798 0.008128
vt 0.927246 0.047900
vt 0.954804 0.018700
vt 0.965582 0.007248
vt 0.967165 0.005521
vt 0.969628 0.006169
vt 0.972013 0.006952
vt 0.974305 0.007866
vt 0.915619 0.054508
vt 0.887002 0.061011
vt 0.926429 0.021650
vt 0.948108 0.020119
vt 0.840899 0.053868
vt 0.879387 0.019464
vt 0.941108 0.006833
vt 0.960481 0.006980
vt 0.893823 0.006314
vt 0.764967 0.046639
vt 0.793130 0.017368
vt 0.804552 0.005884
vt 0.806197 0.004148
vt 0.895905 0.004340
vt 0.943232 0.004622
vt 0.962283 0.005010
vt 0.940222 0.927607
vt 0.933953 0.898773
vt 0.972913 0.939363
vt 0.974261 0.961007
vt 0.941132 0.851732
vt 0.975195 0.891414
vt 0.987613 0.954468
vt 0.987298 0.973715
vt 0.988251 0.906296
vt 0.946565 0.938893
vt 0.948354 0.773727
vt 0.977349 0.802814
vt 0.988761 0.814611
vt 0.990538 0.816305
vt 0.990261 0.908437
vt 0.989854 0.956645
vt 0.989296 0.975556
vt 0.986813 0.978186
vt 0.988566 0.979795
vt 0.975453 0.967146
vt 0.936613 0.936652
vt 0.931064 0.928432
vt 0.969756 0.966755
vt 0.970384 0.970200
vt 0.938837 0.933547
vt 0.972700 0.966968
vt 0.984340 0.981146
vt 0.983299 0.982998
vt 0.985670 0.979693
vt 0.942269 0.944889
vt 0.987648 0.981548
vt 0.986544 0.983246
vt 0.985259 0.984877
vt 0.982087 0.984772
vt 0.983800 0.986431
vt 0.970859 0.973553
vt 0.930544 0.941669
vt 0.925679 0.933706
vt 0.963865 0.972525
vt 0.963845 0.975640
vt 0.934004 0.939207
vt 0.967447 0.973077
vt 0.978241 0.987119
vt 0.976558 0.988614
vt 0.980243 0.985992
vt 0.935588 0.949644
vt 0.982173 0.987899
vt 0.980390 0.989271
vt 0.978462 0.990540
vt 0.974745 0.989997
vt 0.976399 0.991698
vt 0.963718 0.978635
vt 0.922593 0.945106
vt 0.918268 0.937537
vt 0.955758 0.976716
vt 0.955262 0.979376
vt 0.926954 0.943526
vt 0.959802 0.977730
vt 0.969849 0.991458
vt 0.967708 0.992472
vt 0.972352 0.990789
vt 0.927164 0.952697
vt 0.974215 0.992736
vt 0.971924 0.993649
vt 0.969539 0.994432
vt 0.965492 0.993352
vt 0.967075 0.995079
vt 0.954717 0.981898
vt 0.840819 0.946719
vt 0.886922 0.939581
vt 0.926343 0.978945
vt 0.879300 0.981126
vt 0.915538 0.946086
vt 0.948021 0.980479
vt 0.941019 0.993763
vt 0.893734 0.994277
vt 0.960392 0.993619
vt 0.764885 0.953941
vt 0.962194 0.995589
vt 0.943142 0.995974
vt 0.895815 0.996250
vt 0.804463 0.994698
vt 0.806107 0.996435
vt 0.793043 0.983214
vt 0.058088 0.851690
vt 0.065255 0.898731
vt 0.026295 0.939316
vt 0.024026 0.891367
vt 0.058977 0.927564
vt 0.024937 0.960960
vt 0.011601 0.954419
vt 0.010977 0.906248
vt 0.011904 0.973666
vt 0.050879 0.773684
vt 0.052628 0.938849
vt 0.023737 0.967099
vt 0.012379 0.978138
vt 0.010628 0.979745
vt 0.009912 0.975506
vt 0.009370 0.956595
vt 0.008978 0.908387
vt 0.010481 0.814562
vt 0.008714 0.816256
vt 0.021886 0.802768
vt 0.060354 0.933504
vt 0.068126 0.928389
vt 0.029428 0.966708
vt 0.026486 0.966921
vt 0.062575 0.936609
vt 0.028798 0.970154
vt 0.014841 0.981098
vt 0.013515 0.979645
vt 0.015880 0.982951
vt 0.056917 0.944846
vt 0.028322 0.973507
vt 0.017092 0.984725
vt 0.015379 0.986384
vt 0.013920 0.984829
vt 0.012637 0.983197
vt 0.011538 0.981499
vt 0.065183 0.939165
vt 0.073509 0.933665
vt 0.035316 0.972480
vt 0.031734 0.973031
vt 0.068642 0.941628
vt 0.035336 0.975596
vt 0.020937 0.987072
vt 0.018935 0.985945
vt 0.022620 0.988568
vt 0.063597 0.949602
vt 0.035462 0.978591
vt 0.024433 0.989952
vt 0.022778 0.991652
vt 0.020716 0.990494
vt 0.018788 0.989225
vt 0.017005 0.987852
vt 0.072232 0.943485
vt 0.080919 0.937498
vt 0.043422 0.976673
vt 0.039378 0.977687
vt 0.076593 0.945067
vt 0.043917 0.979333
vt 0.029328 0.991413
vt 0.026825 0.990744
vt 0.031469 0.992428
vt 0.072020 0.952657
vt 0.044463 0.981856
vt 0.033685 0.993308
vt 0.032102 0.995036
vt 0.029638 0.994387
vt 0.027253 0.993604
vt 0.024962 0.992691
vt 0.083648 0.946048
vt 0.112265 0.939545
vt 0.072837 0.978907
vt 0.051159 0.980437
vt 0.158367 0.946688
vt 0.119879 0.981092
vt 0.058158 0.993723
vt 0.038786 0.993577
vt 0.105443 0.994242
vt 0.234300 0.953917
vt 0.206136 0.983188
vt 0.194714 0.994672
vt 0.193070 0.996408
vt 0.103362 0.996216
vt 0.056034 0.995935
vt 0.036983 0.995547
vt 0.057759 0.349495
vt 0.064510 0.500257
vt 0.025483 0.500255
vt 0.023650 0.335028
vt 0.057742 0.651019
vt 0.023634 0.665482
vt 0.010756 0.500254
vt 0.010578 0.328546
vt 0.010566 0.671962
vt 0.008559 0.672892
vt 0.008508 0.500253
vt 0.008565 0.327615
vt 0.353368 0.946952
vt 0.499594 0.940110
vt 0.499590 0.979518
vt 0.339380 0.981388
vt 0.645818 0.946965
vt 0.659800 0.981402
vt 0.499589 0.994354
vt 0.333109 0.994549
vt 0.666068 0.994563
vt 0.666969 0.996540
vt 0.499588 0.996570
vt 0.332208 0.996526
vt 0.645899 0.053604
vt 0.499673 0.060446
vt 0.499677 0.021038
vt 0.659887 0.019168
vt 0.353449 0.053591
vt 0.339467 0.019154
vt 0.499678 0.006202
vt 0.666157 0.006007
vt 0.333199 0.005992
vt 0.332298 0.004016
vt 0.499679 0.003986
vt 0.667059 0.004030
vt 0.941507 0.651061
vt 0.934757 0.500299
vt 0.973784 0.500301
vt 0.975616 0.665528
vt 0.941525 0.349537
vt 0.975632 0.335074
vt 0.988511 0.500302
vt 0.988689 0.672010
vt 0.988700 0.328594
vt 0.990708 0.327665
vt 0.990758 0.500303
vt 0.990702 0.672942
vt 0.500011 0.335302
vt 0.500011 0.250000
vt 0.500007 0.250000
vt 0.500007 0.335302
vt 0.500011 0.164698
vt 0.500007 0.164698
vt 0.500004 0.250000
vt 0.500004 0.335302
vt 0.500004 0.164698
vt 0.500014 0.406207
vt 0.500014 0.335302
vt 0.500011 0.406207
vt 0.500014 0.250000
vt 0.500014 0.164698
vt 0.500014 0.093793
vt 0.500011 0.093793
vt 0.500007 0.093793
vt 0.500004 0.093793
vt 0.500000 0.093793
vt 0.500000 0.164698
vt 0.500000 0.250000
vt 0.500000 0.335302
vt 0.500004 0.406207
vt 0.500000 0.406207
vt 0.500007 0.406207
vt 0.500053 0.336972
vt 0.500053 0.250000
vt 0.500050 0.250000
vt 0.500050 0.336972
vt 0.500053 0.163028
vt 0.500050 0.163028
vt 0.500046 0.250000
vt 0.500046 0.336972
vt 0.500046 0.163028
vt 0.500057 0.409195
vt 0.500057 0.336972
vt 0.500053 0.409195
vt 0.500057 0.250000
vt 0.500057 0.163028
vt 0.500057 0.090805
vt 0.500053 0.090805
vt 0.500050 0.090805
vt 0.500046 0.090805
vt 0.500043 0.090805
vt 0.500043 0.163028
vt 0.500043 0.250000
vt 0.500042 0.336972
vt 0.500046 0.409195
vt 0.500043 0.409195
vt 0.500050 0.409195
vt 0.500138 0.335302
vt 0.500138 0.250000
vt 0.500135 0.250000
vt 0.500135 0.335302
vt 0.500138 0.164698
vt 0.500135 0.164698
vt 0.500131 0.250000
vt 0.500131 0.335302
vt 0.500131 0.164698
vt 0.500142 0.406207
vt 0.500142 0.335302
vt 0.500138 0.406207
vt 0.500142 0.250000
vt 0.500142 0.164698
vt 0.500142 0.093793
vt 0.500138 0.093793
vt 0.500135 0.093793
vt 0.500131 0.093793
vt 0.500128 0.093793
vt 0.500127 0.164698
vt 0.500128 0.250000
vt 0.500127 0.335302
vt 0.500131 0.406207
vt 0.500128 0.406207
vt 0.500135 0.406207
vt 0.500096 0.455607
vt 0.500092 0.455607
vt 0.500092 0.479891
vt 0.500096 0.479891
vt 0.500089 0.455607
vt 0.500089 0.479891
vt 0.500092 0.489414
vt 0.500096 0.489414
vt 0.500089 0.489414
vt 0.500099 0.409195
vt 0.500096 0.409195
vt 0.500099 0.455607
vt 0.500092 0.409195
vt 0.500089 0.409195
vt 0.500085 0.409195
vt 0.500085 0.455607
vt 0.500085 0.479891
vt 0.500085 0.489414
vt 0.500085 0.491546
vt 0.500089 0.491546
vt 0.500092 0.491546
vt 0.500096 0.491546
vt 0.500099 0.489414
vt 0.500099 0.491546
vt 0.500099 0.479891
vt 0.500096 0.492428
vt 0.500092 0.492428
vt 0.500092 0.493293
vt 0.500096 0.493293
vt 0.500089 0.492428
vt 0.500089 0.493293
vt 0.500092 0.494146
vt 0.500096 0.494146
vt 0.500089 0.494146
vt 0.500099 0.492428
vt 0.500085 0.492428
vt 0.500085 0.493293
vt 0.500085 0.494146
vt 0.500085 0.494993
vt 0.500089 0.494993
vt 0.500092 0.494993
vt 0.500096 0.494993
vt 0.500099 0.494146
vt 0.500099 0.494993
vt 0.500099 0.493293
vt 0.500138 0.001746
vt 0.500135 0.001746
vt 0.500135 0.003457
vt 0.500138 0.003457
vt 0.500131 0.001746
vt 0.500131 0.003457
vt 0.500135 0.005097
vt 0.500138 0.005097
vt 0.500131 0.005097
vt 0.500142 0.000000
vt 0.500138 0.000000
vt 0.500142 0.001746
vt 0.500135 0.000000
vt 0.500131 0.000000
vt 0.500128 0.000000
vt 0.500128 0.001746
vt 0.500128 0.003457
vt 0.500128 0.005097
vt 0.500128 0.006631
vt 0.500131 0.006631
vt 0.500135 0.006631
vt 0.500138 0.006631
vt 0.500142 0.005097
vt 0.500142 0.006631
vt 0.500142 0.003457
vt 0.500138 0.008036
vt 0.500135 0.008036
vt 0.500135 0.009343
vt 0.500138 0.009343
vt 0.500131 0.008036
vt 0.500131 0.009343
vt 0.500135 0.010595
vt 0.500138 0.010594
vt 0.500131 0.010595
vt 0.500142 0.008036
vt 0.500127 0.008036
vt 0.500128 0.009343
vt 0.500127 0.010595
vt 0.500128 0.011835
vt 0.500131 0.011835
vt 0.500135 0.011835
vt 0.500138 0.011835
vt 0.500142 0.010594
vt 0.500142 0.011835
vt 0.500142 0.009343
vt 0.500138 0.014299
vt 0.500135 0.014299
vt 0.500135 0.023986
vt 0.500138 0.023986
vt 0.500131 0.014299
vt 0.500131 0.023986
vt 0.500135 0.048087
vt 0.500138 0.048087
vt 0.500131 0.048087
vt 0.500142 0.014299
vt 0.500127 0.014299
vt 0.500128 0.023986
vt 0.500127 0.048087
vt 0.500142 0.048087
vt 0.500142 0.023986
vt 0.500074 0.044393
vt 0.500078 0.044393
vt 0.500078 0.020109
vt 0.500074 0.020109
vt 0.500082 0.044393
vt 0.500081 0.020109
vt 0.500078 0.010586
vt 0.500074 0.010586
vt 0.500081 0.010586
vt 0.500071 0.090805
vt 0.500074 0.090805
vt 0.500071 0.044393
vt 0.500078 0.090805
vt 0.500081 0.090805
vt 0.500085 0.090805
vt 0.500085 0.044393
vt 0.500085 0.020109
vt 0.500085 0.010586
vt 0.500085 0.008454
vt 0.500081 0.008454
vt 0.500078 0.008454
vt 0.500074 0.008454
vt 0.500071 0.010586
vt 0.500071 0.008454
vt 0.500071 0.020109
vt 0.500074 0.007572
vt 0.500078 0.007572
vt 0.500078 0.006707
vt 0.500074 0.006707
vt 0.500081 0.007572
vt 0.500081 0.006707
vt 0.500078 0.005854
vt 0.500074 0.005854
vt 0.500081 0.005854
vt 0.500071 0.007572
vt 0.500085 0.007572
vt 0.500085 0.006707
vt 0.500085 0.005854
vt 0.500085 0.005007
vt 0.500081 0.005007
vt 0.500078 0.005007
vt 0.500074 0.005007
vt 0.500071 0.005854
vt 0.500071 0.005007
vt 0.500071 0.006707
vt 0.500159 0.498254
vt 0.500163 0.498254
vt 0.500163 0.496543
vt 0.500159 0.496543
vt 0.500166 0.498254
vt 0.500166 0.496543
vt 0.500163 0.494903
vt 0.500159 0.494903
vt 0.500166 0.494903
vt 0.500156 0.500000
vt 0.500159 0.500000
vt 0.500156 0.498254
vt 0.500163 0.500000
vt 0.500166 0.500000
vt 0.500170 0.500000
vt 0.500170 0.498254
vt 0.500170 0.496543
vt 0.500170 0.494903
vt 0.500170 0.493369
vt 0.500167 0.493369
vt 0.500163 0.493369
vt 0.500159 0.493369
vt 0.500156 0.494903
vt 0.500156 0.493369
vt 0.500156 0.496543
vt 0.500159 0.491964
vt 0.500163 0.491964
vt 0.500163 0.490657
vt 0.500159 0.490657
vt 0.500166 0.491964
vt 0.500166 0.490657
vt 0.500163 0.489405
vt 0.500159 0.489405
vt 0.500166 0.489406
vt 0.500156 0.491964
vt 0.500170 0.491964
vt 0.500170 0.490657
vt 0.500170 0.489405
vt 0.500170 0.488165
vt 0.500166 0.488165
vt 0.500163 0.488165
vt 0.500159 0.488165
vt 0.500156 0.489405
vt 0.500156 0.488165
vt 0.500156 0.490657
vt 0.500159 0.485701
vt 0.500163 0.485701
vt 0.500163 0.476014
vt 0.500159 0.476014
vt 0.500166 0.485701
vt 0.500166 0.476014
vt 0.500163 0.451913
vt 0.500159 0.451913
vt 0.500166 0.451913
vt 0.500156 0.485701
vt 0.500170 0.485701
vt 0.500170 0.476014
vt 0.500170 0.451913
vt 0.500170 0.406207
vt 0.500166 0.406207
vt 0.500163 0.406207
vt 0.500159 0.406207
vt 0.500156 0.451913
vt 0.500156 0.406207
vt 0.500156 0.476014
vt 0.500053 0.455607
vt 0.500050 0.455607
vt 0.500050 0.479891
vt 0.500053 0.479891
vt 0.500046 0.455607
vt 0.500046 0.479891
vt 0.500050 0.489414
vt 0.500053 0.489414
vt 0.500046 0.489414
vt 0.500057 0.455607
vt 0.500042 0.455607
vt 0.500043 0.479891
vt 0.500043 0.489414
vt 0.500043 0.491546
vt 0.500046 0.491546
vt 0.500050 0.491546
vt 0.500053 0.491546
vt 0.500057 0.489414
vt 0.500057 0.491546
vt 0.500057 0.479891
vt 0.500053 0.492428
vt 0.500050 0.492428
vt 0.500050 0.493293
vt 0.500053 0.493293
vt 0.500046 0.492428
vt 0.500046 0.493293
vt 0.500050 0.494146
vt 0.500053 0.494146
vt 0.500046 0.494146
vt 0.500057 0.492428
vt 0.500042 0.492428
vt 0.500043 0.493293
vt 0.500042 0.494146
vt 0.500043 0.494993
vt 0.500046 0.494993
vt 0.500050 0.494993
vt 0.500053 0.494993
vt 0.500057 0.494146
vt 0.500057 0.494993
vt 0.500057 0.493293
vt 0.500011 0.001746
vt 0.500007 0.001746
vt 0.500007 0.003457
vt 0.500011 0.003457
vt 0.500004 0.001746
vt 0.500004 0.003457
vt 0.500007 0.005097
vt 0.500011 0.005097
vt 0.500004 0.005097
vt 0.500014 0.000000
vt 0.500011 0.000000
vt 0.500014 0.001746
vt 0.500007 0.000000
vt 0.500004 0.000000
vt 0.500000 0.000000
vt 0.500000 0.001746
vt 0.500000 0.003457
vt 0.500000 0.005097
vt 0.500000 0.006631
vt 0.500004 0.006631
vt 0.500007 0.006631
vt 0.500011 0.006631
vt 0.500014 0.005097
vt 0.500014 0.006631
vt 0.500014 0.003457
vt 0.500011 0.008036
vt 0.500007 0.008036
vt 0.500007 0.009343
vt 0.500011 0.009343
vt 0.500004 0.008036
vt 0.500004 0.009343
vt 0.500007 0.010595
vt 0.500011 0.010594
vt 0.500004 0.010595
vt 0.500014 0.008036
vt 0.500000 0.008036
vt 0.500000 0.009343
vt 0.500000 0.010595
vt 0.500000 0.011835
vt 0.500004 0.011835
vt 0.500007 0.011835
vt 0.500011 0.011835
vt 0.500014 0.010594
vt 0.500014 0.011835
vt 0.500014 0.009343
vt 0.500011 0.014299
vt 0.500007 0.014299
vt 0.500007 0.023986
vt 0.500011 0.023986
vt 0.500004 0.014299
vt 0.500004 0.023986
vt 0.500007 0.048087
vt 0.500011 0.048087
vt 0.500004 0.048087
vt 0.500014 0.014299
vt 0.500000 0.014299
vt 0.500000 0.023986
vt 0.500000 0.048087
vt 0.500014 0.048087
vt 0.500014 0.023986
vt 0.500117 0.044393
vt 0.500120 0.044393
vt 0.500120 0.020109
vt 0.500117 0.020109
vt 0.500124 0.044393
vt 0.500124 0.020109
vt 0.500120 0.010586
vt 0.500117 0.010586
vt 0.500124 0.010586
vt 0.500113 0.090805
vt 0.500117 0.090805
vt 0.500113 0.044393
vt 0.500120 0.090805
vt 0.500124 0.090805
vt 0.500128 0.090805
vt 0.500127 0.044393
vt 0.500128 0.020109
vt 0.500127 0.010586
vt 0.500128 0.008454
vt 0.500124 0.008454
vt 0.500120 0.008454
vt 0.500117 0.008454
vt 0.500113 0.010586
vt 0.500113 0.008454
vt 0.500113 0.020109
vt 0.500117 0.007572
vt 0.500120 0.007572
vt 0.500120 0.006707
vt 0.500117 0.006707
vt 0.500124 0.007572
vt 0.500124 0.006707
vt 0.500120 0.005854
vt 0.500117 0.005854
vt 0.500124 0.005854
vt 0.500113 0.007572
vt 0.500128 0.007572
vt 0.500128 0.006707
vt 0.500128 0.005854
vt 0.500128 0.005007
vt 0.500124 0.005007
vt 0.500120 0.005007
vt 0.500117 0.005007
vt 0.500113 0.005854
vt 0.500113 0.005007
vt 0.500113 0.006707
vt 0.500032 0.498254
vt 0.500035 0.498254
vt 0.500035 0.496543
vt 0.500032 0.496543
vt 0.500039 0.498254
vt 0.500039 0.496543
vt 0.500035 0.494903
vt 0.500032 0.494903
vt 0.500039 0.494903
vt 0.500028 0.500000
vt 0.500032 0.500000
vt 0.500028 0.498254
vt 0.500035 0.500000
vt 0.500039 0.500000
vt 0.500043 0.500000
vt 0.500043 0.498254
vt 0.500043 0.496543
vt 0.500043 0.494903
vt 0.500043 0.493369
vt 0.500039 0.493369
vt 0.500035 0.493369
vt 0.500032 0.493369
vt 0.500028 0.494903
vt 0.500028 0.493369
vt 0.500028 0.496543
vt 0.500032 0.491964
vt 0.500035 0.491964
vt 0.500035 0.490657
vt 0.500032 0.490657
vt 0.500039 0.491964
vt 0.500039 0.490657
vt 0.500035 0.489405
vt 0.500032 0.489405
vt 0.500039 0.489406
vt 0.500028 0.491964
vt 0.500042 0.491964
vt 0.500043 0.490657
vt 0.500043 0.489405
vt 0.500043 0.488165
vt 0.500039 0.488165
vt 0.500035 0.488165
vt 0.500032 0.488165
vt 0.500028 0.489405
vt 0.500028 0.488165
vt 0.500028 0.490657
vt 0.500032 0.485701
vt 0.500035 0.485701
vt 0.500035 0.476014
vt 0.500032 0.476014
vt 0.500039 0.485701
vt 0.500039 0.476014
vt 0.500035 0.451913
vt 0.500032 0.451913
vt 0.500039 0.451913
vt 0.500028 0.485701
vt 0.500042 0.485701
vt 0.500043 0.476014
vt 0.500043 0.451913
vt 0.500043 0.406207
vt 0.500039 0.406207
vt 0.500035 0.406207
vt 0.500032 0.406207
vt 0.500028 0.451913
vt 0.500028 0.406207
vt 0.500028 0.476014
vt 0.500096 0.336972
vt 0.500096 0.250000
vt 0.500092 0.250000
vt 0.500092 0.336972
vt 0.500096 0.163028
vt 0.500092 0.163028
vt 0.500089 0.250000
vt 0.500089 0.336972
vt 0.500089 0.163028
vt 0.500099 0.336972
vt 0.500099 0.250000
vt 0.500099 0.163028
vt 0.500099 0.090805
vt 0.500096 0.090805
vt 0.500092 0.090805
vt 0.500089 0.090805
vt 0.500085 0.090805
vt 0.500085 0.163028
vt 0.500085 0.250000
vt 0.500085 0.336972
vt 0.500124 0.336972
vt 0.500124 0.250000
vt 0.500120 0.250000
vt 0.500120 0.336972
vt 0.500124 0.163028
vt 0.500120 0.163028
vt 0.500117 0.250000
vt 0.500117 0.336972
vt 0.500117 0.163028
vt 0.500128 0.409195
vt 0.500127 0.336972
vt 0.500124 0.409195
vt 0.500128 0.250000
vt 0.500127 0.163028
vt 0.500113 0.163028
vt 0.500113 0.250000
vt 0.500113 0.336972
vt 0.500117 0.409195
vt 0.500113 0.409195
vt 0.500120 0.409195
vt 0.500110 0.336972
vt 0.500110 0.250000
vt 0.500106 0.250000
vt 0.500106 0.336972
vt 0.500110 0.163028
vt 0.500106 0.163028
vt 0.500103 0.250000
vt 0.500103 0.336972
vt 0.500103 0.163028
vt 0.500110 0.409195
vt 0.500110 0.090805
vt 0.500106 0.090805
vt 0.500103 0.090805
vt 0.500103 0.409195
vt 0.500106 0.409195
vt 0.500004 0.485701
vt 0.500007 0.485701
vt 0.500007 0.476014
vt 0.500004 0.476014
vt 0.500011 0.485701
vt 0.500011 0.476014
vt 0.500007 0.451913
vt 0.500004 0.451913
vt 0.500011 0.451913
vt 0.500000 0.488165
vt 0.500004 0.488165
vt 0.500000 0.485701
vt 0.500007 0.488165
vt 0.500011 0.488165
vt 0.500014 0.488165
vt 0.500014 0.485701
vt 0.500014 0.476014
vt 0.500014 0.451913
vt 0.500000 0.451913
vt 0.500000 0.476014
vt 0.500018 0.485701
vt 0.500021 0.485701
vt 0.500021 0.476014
vt 0.500018 0.476014
vt 0.500025 0.485701
vt 0.500025 0.476014
vt 0.500021 0.451913
vt 0.500018 0.451913
vt 0.500025 0.451913
vt 0.500018 0.488165
vt 0.500021 0.488165
vt 0.500025 0.488165
vt 0.500025 0.406207
vt 0.500021 0.406207
vt 0.500018 0.406207
vt 0.500004 0.491964
vt 0.500007 0.491964
vt 0.500007 0.490657
vt 0.500004 0.490657
vt 0.500011 0.491964
vt 0.500011 0.490657
vt 0.500007 0.489405
vt 0.500004 0.489405
vt 0.500011 0.489405
vt 0.500000 0.493369
vt 0.500004 0.493369
vt 0.500000 0.491964
vt 0.500007 0.493369
vt 0.500011 0.493369
vt 0.500014 0.493369
vt 0.500014 0.491964
vt 0.500014 0.490657
vt 0.500014 0.489405
vt 0.500000 0.489405
vt 0.500000 0.490657
vt 0.500018 0.491964
vt 0.500021 0.491964
vt 0.500021 0.490657
vt 0.500018 0.490657
vt 0.500025 0.491964
vt 0.500025 0.490657
vt 0.500021 0.489405
vt 0.500018 0.489405
vt 0.500025 0.489405
vt 0.500018 0.493369
vt 0.500021 0.493369
vt 0.500025 0.493369
vt 0.500004 0.498254
vt 0.500007 0.498254
vt 0.500007 0.496543
vt 0.500004 0.496543
vt 0.500011 0.498254
vt 0.500011 0.496543
vt 0.500007 0.494903
vt 0.500004 0.494903
vt 0.500011 0.494903
vt 0.500000 0.500000
vt 0.500004 0.500000
vt 0.500000 0.498254
vt 0.500007 0.500000
vt 0.500011 0.500000
vt 0.500014 0.500000
vt 0.500014 0.498254
vt 0.500014 0.496543
vt 0.500014 0.494903
vt 0.500000 0.494903
vt 0.500000 0.496543
vt 0.500018 0.498254
vt 0.500021 0.498254
vt 0.500021 0.496543
vt 0.500018 0.496543
vt 0.500025 0.498254
vt 0.500025 0.496543
vt 0.500021 0.494903
vt 0.500018 0.494903
vt 0.500025 0.494903
vt 0.500018 0.500000
vt 0.500021 0.500000
vt 0.500025 0.500000
vt 0.500089 0.007572
vt 0.500092 0.007572
vt 0.500092 0.006707
vt 0.500089 0.006707
vt 0.500096 0.007572
vt 0.500096 0.006707
vt 0.500092 0.005854
vt 0.500089 0.005854
vt 0.500096 0.005854
vt 0.500085 0.008454
vt 0.500089 0.008454
vt 0.500085 0.007572
vt 0.500092 0.008454
vt 0.500096 0.008454
vt 0.500099 0.008454
vt 0.500099 0.007572
vt 0.500099 0.006707
vt 0.500099 0.005854
vt 0.500099 0.005007
vt 0.500096 0.005007
vt 0.500092 0.005007
vt 0.500089 0.005007
vt 0.500085 0.005854
vt 0.500085 0.005007
vt 0.500085 0.006707
vt 0.500103 0.007572
vt 0.500106 0.007572
vt 0.500106 0.006707
vt 0.500103 0.006707
vt 0.500110 0.007572
vt 0.500110 0.006707
vt 0.500106 0.005854
vt 0.500103 0.005854
vt 0.500110 0.005854
vt 0.500103 0.008454
vt 0.500106 0.008454
vt 0.500110 0.008454
vt 0.500110 0.005007
vt 0.500106 0.005007
vt 0.500103 0.005007
vt 0.500089 0.044393
vt 0.500092 0.044393
vt 0.500092 0.020109
vt 0.500089 0.020109
vt 0.500096 0.044393
vt 0.500096 0.020109
vt 0.500092 0.010586
vt 0.500089 0.010586
vt 0.500096 0.010586
vt 0.500085 0.044393
vt 0.500099 0.044393
vt 0.500099 0.020109
vt 0.500099 0.010586
vt 0.500085 0.010586
vt 0.500085 0.020109
vt 0.500103 0.044393
vt 0.500106 0.044393
vt 0.500106 0.020109
vt 0.500103 0.020109
vt 0.500110 0.044393
vt 0.500110 0.020109
vt 0.500106 0.010586
vt 0.500103 0.010586
vt 0.500110 0.010586
vt 0.500039 0.014299
vt 0.500035 0.014299
vt 0.500035 0.023986
vt 0.500039 0.023986
vt 0.500032 0.014299
vt 0.500032 0.023986
vt 0.500035 0.048087
vt 0.500039 0.048087
vt 0.500032 0.048087
vt 0.500043 0.011835
vt 0.500039 0.011835
vt 0.500042 0.014299
vt 0.500036 0.011835
vt 0.500032 0.011835
vt 0.500028 0.011835
vt 0.500028 0.014299
vt 0.500028 0.023986
vt 0.500028 0.048087
vt 0.500028 0.093793
vt 0.500032 0.093793
vt 0.500035 0.093793
vt 0.500039 0.093793
vt 0.500043 0.048087
vt 0.500043 0.093793
vt 0.500043 0.023986
vt 0.500025 0.014299
vt 0.500021 0.014299
vt 0.500021 0.023986
vt 0.500025 0.023986
vt 0.500018 0.014299
vt 0.500018 0.023986
vt 0.500021 0.048087
vt 0.500025 0.048087
vt 0.500018 0.048087
vt 0.500025 0.011835
vt 0.500021 0.011835
vt 0.500018 0.011835
vt 0.500018 0.093793
vt 0.500021 0.093793
vt 0.500025 0.093793
vt 0.500039 0.008036
vt 0.500035 0.008036
vt 0.500035 0.009343
vt 0.500039 0.009343
vt 0.500032 0.008036
vt 0.500032 0.009343
vt 0.500035 0.010594
vt 0.500039 0.010594
vt 0.500032 0.010594
vt 0.500043 0.006631
vt 0.500039 0.006631
vt 0.500042 0.008036
vt 0.500036 0.006631
vt 0.500032 0.006631
vt 0.500028 0.006631
vt 0.500028 0.008036
vt 0.500028 0.009343
vt 0.500028 0.010594
vt 0.500043 0.010594
vt 0.500043 0.009343
vt 0.500025 0.008036
vt 0.500021 0.008036
vt 0.500021 0.009343
vt 0.500025 0.009343
vt 0.500018 0.008036
vt 0.500018 0.009343
vt 0.500021 0.010594
vt 0.500025 0.010594
vt 0.500018 0.010594
vt 0.500025 0.006631
vt 0.500021 0.006631
vt 0.500018 0.006631
vt 0.500039 0.001746
vt 0.500035 0.001746
vt 0.500035 0.003457
vt 0.500039 0.003457
vt 0.500032 0.001746
vt 0.500032 0.003457
vt 0.500035 0.005097
vt 0.500039 0.005097
vt 0.500032 0.005097
vt 0.500043 0.000000
vt 0.500039 0.000000
vt 0.500043 0.001746
vt 0.500035 0.000000
vt 0.500032 0.000000
vt 0.500028 0.000000
vt 0.500028 0.001746
vt 0.500028 0.003457
vt 0.500028 0.005097
vt 0.500043 0.005097
vt 0.500043 0.003457
vt 0.500025 0.001746
vt 0.500021 0.001746
vt 0.500021 0.003457
vt 0.500025 0.003457
vt 0.500018 0.001746
vt 0.500018 0.003457
vt 0.500021 0.005097
vt 0.500025 0.005097
vt 0.500018 0.005097
vt 0.500025 0.000000
vt 0.500021 0.000000
vt 0.500018 0.000000
vt 0.500081 0.492428
vt 0.500078 0.492428
vt 0.500078 0.493293
vt 0.500082 0.493293
vt 0.500074 0.492428
vt 0.500074 0.493293
vt 0.500078 0.494146
vt 0.500081 0.494146
vt 0.500074 0.494146
vt 0.500085 0.491546
vt 0.500082 0.491546
vt 0.500085 0.492428
vt 0.500078 0.491546
vt 0.500074 0.491546
vt 0.500071 0.491546
vt 0.500071 0.492428
vt 0.500071 0.493293
vt 0.500071 0.494146
vt 0.500071 0.494993
vt 0.500074 0.494993
vt 0.500078 0.494993
vt 0.500081 0.494993
vt 0.500085 0.494146
vt 0.500085 0.494993
vt 0.500085 0.493293
vt 0.500067 0.492428
vt 0.500064 0.492428
vt 0.500064 0.493293
vt 0.500067 0.493293
vt 0.500060 0.492428
vt 0.500060 0.493293
vt 0.500064 0.494146
vt 0.500067 0.494146
vt 0.500060 0.494146
vt 0.500067 0.491546
vt 0.500064 0.491546
vt 0.500060 0.491546
vt 0.500060 0.494993
vt 0.500064 0.494993
vt 0.500067 0.494993
vt 0.500082 0.455607
vt 0.500078 0.455607
vt 0.500078 0.479891
vt 0.500081 0.479891
vt 0.500074 0.455607
vt 0.500074 0.479891
vt 0.500078 0.489415
vt 0.500082 0.489414
vt 0.500074 0.489414
vt 0.500085 0.409195
vt 0.500081 0.409195
vt 0.500085 0.455607
vt 0.500078 0.409195
vt 0.500074 0.409195
vt 0.500071 0.409195
vt 0.500071 0.455607
vt 0.500071 0.479891
vt 0.500071 0.489414
vt 0.500085 0.489414
vt 0.500085 0.479891
vt 0.500067 0.455607
vt 0.500064 0.455607
vt 0.500064 0.479891
vt 0.500067 0.479891
vt 0.500060 0.455607
vt 0.500060 0.479891
vt 0.500064 0.489414
vt 0.500067 0.489414
vt 0.500060 0.489414
vt 0.500067 0.409195
vt 0.500064 0.409195
vt 0.500060 0.409195
vt 0.500131 0.485701
vt 0.500135 0.485701
vt 0.500135 0.476014
vt 0.500131 0.476014
vt 0.500138 0.485701
vt 0.500138 0.476014
vt 0.500135 0.451913
vt 0.500131 0.451913
vt 0.500138 0.451913
vt 0.500128 0.488165
vt 0.500131 0.488165
vt 0.500127 0.485701
vt 0.500135 0.488165
vt 0.500138 0.488165
vt 0.500142 0.488165
vt 0.500142 0.485701
vt 0.500142 0.476014
vt 0.500142 0.451913
vt 0.500127 0.451913
vt 0.500128 0.476014
vt 0.500145 0.485701
vt 0.500149 0.485701
vt 0.500149 0.476014
vt 0.500145 0.476014
vt 0.500152 0.485701
vt 0.500152 0.476014
vt 0.500149 0.451913
vt 0.500145 0.451913
vt 0.500152 0.451913
vt 0.500145 0.488165
vt 0.500149 0.488165
vt 0.500152 0.488165
vt 0.500152 0.406207
vt 0.500149 0.406207
vt 0.500145 0.406207
vt 0.500131 0.491964
vt 0.500135 0.491964
vt 0.500135 0.490657
vt 0.500131 0.490657
vt 0.500138 0.491964
vt 0.500138 0.490657
vt 0.500135 0.489405
vt 0.500131 0.489405
vt 0.500138 0.489405
vt 0.500128 0.493369
vt 0.500131 0.493369
vt 0.500127 0.491964
vt 0.500135 0.493369
vt 0.500138 0.493369
vt 0.500142 0.493369
vt 0.500142 0.491964
vt 0.500142 0.490657
vt 0.500142 0.489405
vt 0.500127 0.489405
vt 0.500128 0.490657
vt 0.500145 0.491964
vt 0.500149 0.491964
vt 0.500149 0.490657
vt 0.500145 0.490657
vt 0.500152 0.491964
vt 0.500152 0.490657
vt 0.500149 0.489405
vt 0.500145 0.489405
vt 0.500152 0.489405
vt 0.500145 0.493369
vt 0.500149 0.493369
vt 0.500152 0.493369
vt 0.500131 0.498254
vt 0.500135 0.498254
vt 0.500135 0.496543
vt 0.500131 0.496543
vt 0.500138 0.498254
vt 0.500138 0.496543
vt 0.500135 0.494903
vt 0.500131 0.494903
vt 0.500138 0.494903
vt 0.500128 0.500000
vt 0.500131 0.500000
vt 0.500128 0.498254
vt 0.500135 0.500000
vt 0.500138 0.500000
vt 0.500142 0.500000
vt 0.500142 0.498254
vt 0.500142 0.496543
vt 0.500142 0.494903
vt 0.500128 0.494903
vt 0.500128 0.496543
vt 0.500145 0.498254
vt 0.500149 0.498254
vt 0.500149 0.496543
vt 0.500145 0.496543
vt 0.500152 0.498254
vt 0.500152 0.496543
vt 0.500149 0.494903
vt 0.500145 0.494903
vt 0.500152 0.494903
vt 0.500145 0.500000
vt 0.500149 0.500000
vt 0.500152 0.500000
vt 0.500046 0.007572
vt 0.500050 0.007572
vt 0.500050 0.006707
vt 0.500046 0.006707
vt 0.500053 0.007572
vt 0.500053 0.006707
vt 0.500050 0.005854
vt 0.500046 0.005854
vt 0.500053 0.005854
vt 0.500043 0.008454
vt 0.500046 0.008454
vt 0.500043 0.007572
vt 0.500050 0.008454
vt 0.500053 0.008454
vt 0.500057 0.008454
vt 0.500057 0.007572
vt 0.500057 0.006707
vt 0.500057 0.005854
vt 0.500057 0.005007
vt 0.500053 0.005007
vt 0.500050 0.005007
vt 0.500046 0.005007
vt 0.500043 0.005854
vt 0.500043 0.005007
vt 0.500043 0.006707
vt 0.500060 0.007572
vt 0.500064 0.007572
vt 0.500064 0.006707
vt 0.500060 0.006707
vt 0.500067 0.007572
vt 0.500067 0.006707
vt 0.500064 0.005854
vt 0.500060 0.005854
vt 0.500067 0.005854
vt 0.500060 0.008454
vt 0.500064 0.008454
vt 0.500067 0.008454
vt 0.500067 0.005007
vt 0.500064 0.005007
vt 0.500060 0.005007
vt 0.500046 0.044393
vt 0.500050 0.044393
vt 0.500050 0.020109
vt 0.500046 0.020109
vt 0.500053 0.044393
vt 0.500053 0.020109
vt 0.500050 0.010586
vt 0.500046 0.010586
vt 0.500053 0.010586
vt 0.500042 0.044393
vt 0.500057 0.044393
vt 0.500057 0.020109
vt 0.500057 0.010586
vt 0.500043 0.010586
vt 0.500043 0.020109
vt 0.500060 0.044393
vt 0.500064 0.044393
vt 0.500064 0.020109
vt 0.500060 0.020109
vt 0.500067 0.044393
vt 0.500067 0.020109
vt 0.500064 0.010586
vt 0.500060 0.010586
vt 0.500067 0.010586
vt 0.500060 0.090805
vt 0.500064 0.090805
vt 0.500067 0.090805
vt 0.500166 0.014299
vt 0.500163 0.014299
vt 0.500163 0.023986
vt 0.500166 0.023986
vt 0.500159 0.014299
vt 0.500159 0.023986
vt 0.500163 0.048087
vt 0.500166 0.048087
vt 0.500159 0.048087
vt 0.500170 0.011835
vt 0.500166 0.011835
vt 0.500170 0.014299
vt 0.500163 0.011835
vt 0.500159 0.011835
vt 0.500156 0.011835
vt 0.500156 0.014299
vt 0.500156 0.023986
vt 0.500156 0.048087
vt 0.500156 0.093793
vt 0.500159 0.093793
vt 0.500163 0.093793
vt 0.500166 0.093793
vt 0.500170 0.048087
vt 0.500170 0.093793
vt 0.500170 0.023986
vt 0.500152 0.014299
vt 0.500149 0.014299
vt 0.500149 0.023986
vt 0.500152 0.023986
vt 0.500145 0.014299
vt 0.500145 0.023986
vt 0.500149 0.048087
vt 0.500152 0.048087
vt 0.500145 0.048087
vt 0.500152 0.011835
vt 0.500149 0.011835
vt 0.500145 0.011835
vt 0.500145 0.093793
vt 0.500149 0.093793
vt 0.500152 0.093793
vt 0.500166 0.008036
vt 0.500163 0.008036
vt 0.500163 0.009343
vt 0.500166 0.009343
vt 0.500159 0.008036
vt 0.500159 0.009343
vt 0.500163 0.010594
vt 0.500166 0.010594
vt 0.500159 0.010594
vt 0.500170 0.006631
vt 0.500166 0.006631
vt 0.500170 0.008036
vt 0.500163 0.006631
vt 0.500159 0.006631
vt 0.500156 0.006631
vt 0.500156 0.008036
vt 0.500156 0.009343
vt 0.500156 0.010594
vt 0.500170 0.010594
vt 0.500170 0.009343
vt 0.500152 0.008036
vt 0.500149 0.008036
vt 0.500149 0.009343
vt 0.500152 0.009343
vt 0.500145 0.008036
vt 0.500145 0.009343
vt 0.500149 0.010594
vt 0.500152 0.010594
vt 0.500145 0.010594
vt 0.500152 0.006631
vt 0.500149 0.006631
vt 0.500145 0.006631
vt 0.500166 0.001746
vt 0.500163 0.001746
vt 0.500163 0.003457
vt 0.500166 0.003457
vt 0.500159 0.001746
vt 0.500159 0.003457
vt 0.500163 0.005097
vt 0.500166 0.005097
vt 0.500159 0.005097
vt 0.500170 0.000000
vt 0.500166 0.000000
vt 0.500170 0.001746
vt 0.500163 0.000000
vt 0.500159 0.000000
vt 0.500156 0.000000
vt 0.500156 0.001746
vt 0.500156 0.003457
vt 0.500156 0.005097
vt 0.500170 0.005097
vt 0.500170 0.003457
vt 0.500152 0.001746
vt 0.500149 0.001746
vt 0.500149 0.003457
vt 0.500152 0.003457
vt 0.500145 0.001746
vt 0.500145 0.003457
vt 0.500149 0.005097
vt 0.500152 0.005097
vt 0.500145 0.005097
vt 0.500152 0.000000
vt 0.500149 0.000000
vt 0.500145 0.000000
vt 0.500124 0.492428
vt 0.500121 0.492428
vt 0.500120 0.493293
vt 0.500124 0.493293
vt 0.500117 0.492428
vt 0.500117 0.493293
vt 0.500120 0.494146
vt 0.500124 0.494146
vt 0.500117 0.494146
vt 0.500128 0.491546
vt 0.500124 0.491546
vt 0.500128 0.492428
vt 0.500120 0.491546
vt 0.500117 0.491546
vt 0.500113 0.491546
vt 0.500113 0.492428
vt 0.500113 0.493293
vt 0.500113 0.494146
vt 0.500113 0.494993
vt 0.500117 0.494993
vt 0.500120 0.494993
vt 0.500124 0.494993
vt 0.500128 0.494146
vt 0.500128 0.494993
vt 0.500128 0.493293
vt 0.500110 0.492428
vt 0.500106 0.492428
vt 0.500106 0.493293
vt 0.500110 0.493293
vt 0.500103 0.492428
vt 0.500103 0.493293
vt 0.500106 0.494146
vt 0.500110 0.494146
vt 0.500103 0.494146
vt 0.500110 0.491546
vt 0.500106 0.491546
vt 0.500103 0.491546
vt 0.500103 0.494993
vt 0.500106 0.494993
vt 0.500110 0.494993
vt 0.500124 0.455607
vt 0.500120 0.455607
vt 0.500120 0.479891
vt 0.500124 0.479891
vt 0.500117 0.455607
vt 0.500117 0.479891
vt 0.500120 0.489415
vt 0.500124 0.489414
vt 0.500117 0.489414
vt 0.500127 0.455607
vt 0.500113 0.455607
vt 0.500113 0.479891
vt 0.500113 0.489414
vt 0.500127 0.489414
vt 0.500128 0.479891
vt 0.500110 0.455607
vt 0.500106 0.455607
vt 0.500106 0.479891
vt 0.500110 0.479891
vt 0.500103 0.455607
vt 0.500103 0.479891
vt 0.500106 0.489414
vt 0.500110 0.489414
vt 0.500103 0.489414
vt 0.500166 0.335302
vt 0.500166 0.250000
vt 0.500163 0.250000
vt 0.500163 0.335302
vt 0.500166 0.164698
vt 0.500163 0.164698
vt 0.500159 0.250000
vt 0.500159 0.335302
vt 0.500159 0.164698
vt 0.500170 0.335302
vt 0.500170 0.250000
vt 0.500170 0.164698
vt 0.500156 0.164698
vt 0.500156 0.250000
vt 0.500156 0.335302
vt 0.500152 0.335302
vt 0.500152 0.250000
vt 0.500149 0.250000
vt 0.500149 0.335302
vt 0.500152 0.164698
vt 0.500149 0.164698
vt 0.500145 0.250000
vt 0.500145 0.335302
vt 0.500145 0.164698
vt 0.500081 0.336972
vt 0.500081 0.250000
vt 0.500078 0.250000
vt 0.500078 0.336972
vt 0.500082 0.163028
vt 0.500078 0.163028
vt 0.500074 0.250000
vt 0.500074 0.336972
vt 0.500074 0.163028
vt 0.500085 0.336972
vt 0.500085 0.250000
vt 0.500085 0.163028
vt 0.500071 0.163028
vt 0.500071 0.250000
vt 0.500071 0.336972
vt 0.500067 0.336972
vt 0.500067 0.250000
vt 0.500064 0.250000
vt 0.500064 0.336972
vt 0.500067 0.163028
vt 0.500064 0.163028
vt 0.500060 0.250000
vt 0.500060 0.336972
vt 0.500060 0.163028
vt 0.500039 0.335302
vt 0.500039 0.250000
vt 0.500035 0.250000
vt 0.500035 0.335302
vt 0.500039 0.164698
vt 0.500035 0.164698
vt 0.500032 0.250000
vt 0.500032 0.335302
vt 0.500032 0.164698
vt 0.500042 0.335302
vt 0.500043 0.250000
vt 0.500043 0.164698
vt 0.500028 0.164698
vt 0.500028 0.250000
vt 0.500028 0.335302
vt 0.500025 0.335302
vt 0.500025 0.250000
vt 0.500021 0.250000
vt 0.500021 0.335302
vt 0.500025 0.164698
vt 0.500021 0.164698
vt 0.500018 0.250000
vt 0.500018 0.335302
vt 0.500018 0.164698
vn -0.0000 -1.0000 -0.0000
vn 0.0001 -1.0000 -0.0000
vn 0.0005 -1.0000 -0.0000
vn 0.0006 -1.0000 -0.0000
vn 0.0065 -1.0000 -0.0000
vn 0.0072 -1.0000 -0.0000
vn 0.0067 -1.0000 -0.0002
vn 0.0000 -1.0000 -0.0001
vn 0.0006 -1.0000 -0.0002
vn 0.0065 -1.0000 -0.0013
vn 0.0097 -0.9999 -0.0032
vn 0.0122 -0.9999 -0.0010
vn 0.0120 -0.9999 -0.0002
vn 0.0124 -0.9999 -0.0001
vn 0.0074 -1.0000 -0.0000
vn 0.0137 -0.9999 -0.0000
vn -0.0001 -1.0000 -0.0001
vn 0.0002 -1.0000 -0.0001
vn 0.0000 -1.0000 -0.0004
vn 0.0002 -1.0000 0.0001
vn 0.0037 -1.0000 -0.0019
vn 0.0043 -1.0000 -0.0023
vn 0.0044 -1.0000 -0.0020
vn 0.0004 -1.0000 -0.0003
vn 0.0042 -1.0000 -0.0030
vn 0.0069 -1.0000 -0.0052
vn 0.0078 -1.0000 -0.0042
vn 0.0074 -1.0000 -0.0037
vn 0.0076 -1.0000 -0.0039
vn 0.0001 -1.0000 -0.0001
vn 0.0005 -1.0000 -0.0001
vn 0.0026 -1.0000 -0.0026
vn 0.0029 -1.0000 -0.0032
vn 0.0032 -1.0000 -0.0029
vn 0.0003 -1.0000 -0.0004
vn 0.0029 -1.0000 -0.0040
vn 0.0049 -1.0000 -0.0067
vn 0.0056 -1.0000 -0.0056
vn 0.0053 -1.0000 -0.0052
vn 0.0055 -1.0000 -0.0055
vn 0.0001 -1.0000 -0.0002
vn -0.0001 -1.0000 -0.0005
vn 0.0004 -1.0000 -0.0001
vn 0.0017 -1.0000 -0.0033
vn 0.0018 -1.0000 -0.0039
vn 0.0021 -1.0000 -0.0038
vn 0.0002 -1.0000 -0.0005
vn 0.0013 -1.0000 -0.0051
vn 0.0026 -1.0000 -0.0083
vn 0.0036 -1.0000 -0.0069
vn 0.0033 -1.0000 -0.0066
vn 0.0036 -1.0000 -0.0070
vn -0.0001 -1.0000 -0.0004
vn 0.0001 -1.0000 -0.0047
vn 0.0002 -1.0000 -0.0049
vn 0.0000 -1.0000 -0.0051
vn 0.0000 -1.0000 -0.0054
vn 0.0000 -1.0000 -0.0099
vn 0.0001 -1.0000 -0.0091
vn 0.0001 -1.0000 -0.0087
vn 0.0007 -1.0000 -0.0091
vn -0.0001 -1.0000 0.0000
vn -0.0005 -1.0000 -0.0000
vn -0.0006 -1.0000 0.0000
vn -0.0065 -1.0000 -0.0000
vn -0.0067 -1.0000 -0.0002
vn -0.0072 -1.0000 -0.0000
vn -0.0074 -1.0000 -0.0000
vn -0.0137 -0.9999 -0.0000
vn -0.0123 -0.9999 -0.0001
vn -0.0120 -0.9999 -0.0002
vn -0.0122 -0.9999 -0.0010
vn -0.0065 -1.0000 -0.0013
vn -0.0097 -0.9999 -0.0032
vn -0.0006 -1.0000 -0.0002
vn -0.0002 -1.0000 0.0001
vn -0.0002 -1.0000 -0.0001
vn -0.0037 -1.0000 -0.0019
vn -0.0044 -1.0000 -0.0020
vn -0.0043 -1.0000 -0.0023
vn -0.0076 -1.0000 -0.0039
vn -0.0074 -1.0000 -0.0037
vn -0.0078 -1.0000 -0.0042
vn -0.0042 -1.0000 -0.0030
vn -0.0069 -1.0000 -0.0052
vn -0.0004 -1.0000 -0.0003
vn -0.0005 -1.0000 -0.0001
vn -0.0026 -1.0000 -0.0026
vn -0.0032 -1.0000 -0.0029
vn -0.0029 -1.0000 -0.0032
vn -0.0055 -1.0000 -0.0055
vn -0.0053 -1.0000 -0.0052
vn -0.0056 -1.0000 -0.0056
vn -0.0029 -1.0000 -0.0040
vn -0.0049 -1.0000 -0.0067
vn -0.0003 -1.0000 -0.0004
vn -0.0001 -1.0000 -0.0002
vn -0.0004 -1.0000 -0.0001
vn 0.0001 -1.0000 -0.0005
vn -0.0017 -1.0000 -0.0033
vn -0.0021 -1.0000 -0.0038
vn -0.0018 -1.0000 -0.0039
vn -0.0036 -1.0000 -0.0070
vn -0.0033 -1.0000 -0.0066
vn -0.0036 -1.0000 -0.0069
vn -0.0013 -1.0000 -0.0051
vn -0.0025 -1.0000 -0.0083
vn -0.0002 -1.0000 -0.0005
vn 0.0001 -1.0000 -0.0004
vn -0.0001 -1.0000 -0.0047
vn -0.0002 -1.0000 -0.0049
vn -0.0007 -1.0000 -0.0091
vn -0.0001 -1.0000 -0.0087
vn -0.0001 -1.0000 -0.0091
vn -0.0067 -1.0000 0.0002
vn -0.0000 -1.0000 0.0001
vn -0.0006 -1.0000 0.0002
vn -0.0065 -1.0000 0.0013
vn -0.0096 -0.9999 0.0032
vn -0.0122 -0.9999 0.0010
vn -0.0120 -0.9999 0.0002
vn -0.0123 -0.9999 0.0001
vn 0.0001 -1.0000 0.0001
vn -0.0000 -1.0000 0.0004
vn -0.0037 -1.0000 0.0019
vn -0.0043 -1.0000 0.0023
vn -0.0044 -1.0000 0.0020
vn -0.0004 -1.0000 0.0003
vn -0.0042 -1.0000 0.0030
vn -0.0069 -1.0000 0.0052
vn -0.0078 -1.0000 0.0042
vn -0.0074 -1.0000 0.0037
vn -0.0076 -1.0000 0.0039
vn -0.0001 -1.0000 0.0001
vn -0.0005 -1.0000 0.0001
vn -0.0026 -1.0000 0.0026
vn -0.0030 -1.0000 0.0032
vn -0.0032 -1.0000 0.0029
vn -0.0003 -1.0000 0.0004
vn -0.0029 -1.0000 0.0040
vn -0.0049 -1.0000 0.0067
vn -0.0056 -1.0000 0.0056
vn -0.0053 -1.0000 0.0052
vn -0.0055 -1.0000 0.0055
vn -0.0001 -1.0000 0.0002
vn 0.0001 -1.0000 0.0005
vn -0.0004 -1.0000 0.0001
vn -0.0017 -1.0000 0.0033
vn -0.0018 -1.0000 0.0039
vn -0.0021 -1.0000 0.0038
vn -0.0002 -1.0000 0.0005
vn -0.0013 -1.0000 0.0051
vn -0.0025 -1.0000 0.0083
vn -0.0036 -1.0000 0.0069
vn -0.0033 -1.0000 0.0066
vn -0.0036 -1.0000 0.0070
vn 0.0001 -1.0000 0.0004
vn -0.0001 -1.0000 0.0047
vn -0.0002 -1.0000 0.0049
vn -0.0000 -1.0000 0.0051
vn -0.0000 -1.0000 0.0054
vn -0.0000 -1.0000 0.0099
vn -0.0001 -1.0000 0.0091
vn -0.0001 -1.0000 0.0087
vn -0.0007 -1.0000 0.0091
vn 0.0067 -1.0000 0.0002
vn 0.0124 -0.9999 0.0001
vn 0.0120 -0.9999 0.0002
vn 0.0122 -0.9999 0.0010
vn 0.0065 -1.0000 0.0013
vn 0.0097 -0.9999 0.0032
vn 0.0006 -1.0000 0.0002
vn 0.0037 -1.0000 0.0019
vn 0.0044 -1.0000 0.0020
vn 0.0043 -1.0000 0.0023
vn 0.0076 -1.0000 0.0039
vn 0.0074 -1.0000 0.0037
vn 0.0078 -1.0000 0.0042
vn 0.0042 -1.0000 0.0030
vn 0.0069 -1.0000 0.0052
vn 0.0004 -1.0000 0.0003
vn 0.0005 -1.0000 0.0001
vn 0.0026 -1.0000 0.0026
vn 0.0032 -1.0000 0.0029
vn 0.0029 -1.0000 0.0032
vn 0.0055 -1.0000 0.0055
vn 0.0053 -1.0000 0.0052
vn 0.0056 -1.0000 0.0056
vn 0.0029 -1.0000 0.0040
vn 0.0049 -1.0000 0.0067
vn 0.0003 -1.0000 0.0004
vn 0.0001 -1.0000 0.0002
vn 0.0004 -1.0000 0.0001
vn -0.0001 -1.0000 0.0005
vn 0.0017 -1.0000 0.0033
vn 0.0021 -1.0000 0.0038
vn 0.0018 -1.0000 0.0039
vn 0.0036 -1.0000 0.0070
vn 0.0033 -1.0000 0.0066
vn 0.0036 -1.0000 0.0069
vn 0.0013 -1.0000 0.0051
vn 0.0025 -1.0000 0.0083
vn 0.0002 -1.0000 0.0005
vn -0.0001 -1.0000 0.0004
vn 0.0001 -1.0000 0.0047
vn 0.0002 -1.0000 0.0049
vn 0.0007 -1.0000 0.0091
vn 0.0001 -1.0000 0.0087
vn 0.0001 -1.0000 0.0091
vn 0.0068 -1.0000 -0.0000
vn 0.0132 -0.9999 -0.0000
vn 0.0121 -0.9999 0.0000
vn -0.0000 -1.0000 0.0047
vn 0.0000 -1.0000 0.0050
vn -0.0000 -1.0000 0.0095
vn -0.0000 -1.0000 0.0088
vn -0.0068 -1.0000 0.0000
vn -0.0132 -0.9999 0.0000
vn -0.0122 -0.9999 0.0000
vn -0.0000 -1.0000 -0.0047
vn -0.0000 -1.0000 -0.0050
vn 0.0000 -1.0000 -0.0095
vn -0.0000 -1.0000 -0.0088
vn 0.0000 1.0000 -0.0000
vn 0.0001 1.0000 0.0000
vn 0.0005 1.0000 -0.0000
vn 0.0006 1.0000 0.0000
vn 0.0065 1.0000 -0.0000
vn 0.0067 1.0000 -0.0002
vn 0.0072 1.0000 -0.0000
vn 0.0000 1.0000 -0.0001
vn 0.0074 1.0000 -0.0000
vn 0.0137 0.9999 -0.0000
vn 0.0124 0.9999 -0.0001
vn 0.0120 0.9999 -0.0002
vn 0.0122 0.9999 -0.0010
vn 0.0065 1.0000 -0.0013
vn 0.0097 0.9999 -0.0032
vn 0.0006 1.0000 -0.0002
vn 0.0002 1.0000 0.0001
vn 0.0002 1.0000 -0.0001
vn -0.0001 1.0000 -0.0001
vn 0.0000 1.0000 -0.0004
vn 0.0037 1.0000 -0.0019
vn 0.0044 1.0000 -0.0020
vn 0.0043 1.0000 -0.0023
vn 0.0076 1.0000 -0.0039
vn 0.0074 1.0000 -0.0037
vn 0.0078 1.0000 -0.0042
vn 0.0042 1.0000 -0.0030
vn 0.0069 1.0000 -0.0052
vn 0.0004 1.0000 -0.0003
vn 0.0001 1.0000 -0.0001
vn 0.0005 1.0000 -0.0001
vn 0.0026 1.0000 -0.0026
vn 0.0032 1.0000 -0.0029
vn 0.0029 1.0000 -0.0032
vn 0.0055 1.0000 -0.0055
vn 0.0053 1.0000 -0.0052
vn 0.0056 1.0000 -0.0056
vn 0.0029 1.0000 -0.0040
vn 0.0049 1.0000 -0.0067
vn 0.0003 1.0000 -0.0004
vn 0.0001 1.0000 -0.0002
vn 0.0004 1.0000 -0.0001
vn -0.0001 1.0000 -0.0005
vn 0.0017 1.0000 -0.0033
vn 0.0021 1.0000 -0.0038
vn 0.0018 1.0000 -0.0039
vn 0.0036 1.0000 -0.0070
vn 0.0033 1.0000 -0.0066
vn 0.0036 1.0000 -0.0069
vn 0.0013 1.0000 -0.0051
vn 0.0025 1.0000 -0.0083
vn 0.0002 1.0000 -0.0005
vn -0.0001 1.0000 -0.0004
vn 0.0001 1.0000 -0.0047
vn 0.0000 1.0000 -0.0051
vn 0.0002 1.0000 -0.0049
vn 0.0007 1.0000 -0.0091
vn 0.0001 1.0000 -0.0087
vn 0.0001 1.0000 -0.0091
vn 0.0000 1.0000 -0.0054
vn 0.0000 1.0000 -0.0099
vn -0.0001 1.0000 -0.0000
vn -0.0005 1.0000 -0.0000
vn -0.0006 1.0000 -0.0000
vn -0.0065 1.0000 -0.0000
vn -0.0072 1.0000 -0.0000
vn -0.0067 1.0000 -0.0002
vn -0.0006 1.0000 -0.0002
vn -0.0065 1.0000 -0.0013
vn -0.0097 0.9999 -0.0032
vn -0.0122 0.9999 -0.0010
vn -0.0120 0.9999 -0.0002
vn -0.0123 0.9999 -0.0001
vn -0.0074 1.0000 -0.0000
vn -0.0137 0.9999 -0.0000
vn -0.0002 1.0000 -0.0001
vn -0.0002 1.0000 0.0001
vn -0.0037 1.0000 -0.0019
vn -0.0043 1.0000 -0.0023
vn -0.0044 1.0000 -0.0020
vn -0.0004 1.0000 -0.0003
vn -0.0042 1.0000 -0.0030
vn -0.0069 1.0000 -0.0052
vn -0.0078 1.0000 -0.0042
vn -0.0074 1.0000 -0.0037
vn -0.0076 1.0000 -0.0039
vn -0.0005 1.0000 -0.0001
vn -0.0026 1.0000 -0.0026
vn -0.0029 1.0000 -0.0032
vn -0.0032 1.0000 -0.0029
vn -0.0003 1.0000 -0.0004
vn -0.0029 1.0000 -0.0040
vn -0.0049 1.0000 -0.0067
vn -0.0056 1.0000 -0.0056
vn -0.0053 1.0000 -0.0052
vn -0.0055 1.0000 -0.0055
vn -0.0001 1.0000 -0.0002
vn 0.0001 1.0000 -0.0005
vn -0.0004 1.0000 -0.0001
vn -0.0017 1.0000 -0.0033
vn -0.0018 1.0000 -0.0039
vn -0.0021 1.0000 -0.0038
vn -0.0002 1.0000 -0.0005
vn -0.0013 1.0000 -0.0051
vn -0.0025 1.0000 -0.0083
vn -0.0036 1.0000 -0.0069
vn -0.0033 1.0000 -0.0066
vn -0.0036 1.0000 -0.0070
vn 0.0001 1.0000 -0.0004
vn -0.0001 1.0000 -0.0047
vn -0.0002 1.0000 -0.0049
vn -0.0001 1.0000 -0.0091
vn -0.0001 1.0000 -0.0087
vn -0.0007 1.0000 -0.0091
vn -0.0067 1.0000 0.0002
vn -0.0000 1.0000 0.0001
vn -0.0123 0.9999 0.0001
vn -0.0120 0.9999 0.0002
vn -0.0122 0.9999 0.0010
vn -0.0065 1.0000 0.0013
vn -0.0097 0.9999 0.0032
vn -0.0006 1.0000 0.0002
vn 0.0001 1.0000 0.0001
vn -0.0000 1.0000 0.0004
vn -0.0037 1.0000 0.0019
vn -0.0044 1.0000 0.0020
vn -0.0043 1.0000 0.0023
vn -0.0076 1.0000 0.0039
vn -0.0074 1.0000 0.0037
vn -0.0078 1.0000 0.0042
vn -0.0042 1.0000 0.0030
vn -0.0069 1.0000 0.0052
vn -0.0004 1.0000 0.0003
vn -0.0001 1.0000 0.0001
vn -0.0005 1.0000 0.0001
vn -0.0026 1.0000 0.0026
vn -0.0032 1.0000 0.0029
vn -0.0029 1.0000 0.0032
vn -0.0055 1.0000 0.0055
vn -0.0053 1.0000 0.0052
vn -0.0056 1.0000 0.0056
vn -0.0029 1.0000 0.0040
vn -0.0049 1.0000 0.0067
vn -0.0003 1.0000 0.0004
vn -0.0001 1.0000 0.0002
vn -0.0004 1.0000 0.0001
vn 0.0001 1.0000 0.0005
vn -0.0017 1.0000 0.0033
vn -0.0021 1.0000 0.0038
vn -0.0018 1.0000 0.0039
vn -0.0036 1.0000 0.0070
vn -0.0033 1.0000 0.0066
vn -0.0036 1.0000 0.0069
vn -0.0013 1.0000 0.0051
vn -0.0025 1.0000 0.0083
vn -0.0002 1.0000 0.0005
vn 0.0001 1.0000 0.0004
vn -0.0001 1.0000 0.0047
vn -0.0000 1.0000 0.0051
vn -0.0002 1.0000 0.0049
vn -0.0007 1.0000 0.0091
vn -0.0001 1.0000 0.0087
vn -0.0001 1.0000 0.0091
vn -0.0000 1.0000 0.0054
vn -0.0000 1.0000 0.0099
vn 0.0067 1.0000 0.0002
vn 0.0006 1.0000 0.0002
vn 0.0065 1.0000 0.0013
vn 0.0097 0.9999 0.0032
vn 0.0122 0.9999 0.0010
vn 0.0120 0.9999 0.0002
vn 0.0124 0.9999 0.0001
vn 0.0037 1.0000 0.0019
vn 0.0043 1.0000 0.0023
vn 0.0044 1.0000 0.0020
vn 0.0004 1.0000 0.0003
vn 0.0042 1.0000 0.0030
vn 0.0069 1.0000 0.0052
vn 0.0078 1.0000 0.0042
vn 0.0074 1.0000 0.0037
vn 0.0076 1.0000 0.0039
vn 0.0005 1.0000 0.0001
vn 0.0026 1.0000 0.0026
vn 0.0029 1.0000 0.0032
vn 0.0032 1.0000 0.0029
vn 0.0003 1.0000 0.0004
vn 0.0029 1.0000 0.0040
vn 0.0049 1.0000 0.0067
vn 0.0056 1.0000 0.0056
vn 0.0053 1.0000 0.0052
vn 0.0055 1.0000 0.0055
vn 0.0001 1.0000 0.0002
vn -0.0001 1.0000 0.0005
vn 0.0004 1.0000 0.0001
vn 0.0017 1.0000 0.0033
vn 0.0018 1.0000 0.0039
vn 0.0021 1.0000 0.0038
vn 0.0002 1.0000 0.0005
vn 0.0013 1.0000 0.0051
vn 0.0025 1.0000 0.0083
vn 0.0036 1.0000 0.0069
vn 0.0033 1.0000 0.0066
vn 0.0036 1.0000 0.0070
vn -0.0001 1.0000 0.0004
vn 0.0001 1.0000 0.0047
vn 0.0002 1.0000 0.0049
vn 0.0001 1.0000 0.0091
vn 0.0001 1.0000 0.0087
vn 0.0007 1.0000 0.0091
vn 0.0068 1.0000 0.0000
vn 0.0132 0.9999 0.0000
vn 0.0121 0.9999 0.0000
vn 0.0000 1.0000 0.0047
vn -0.0000 1.0000 0.0050
vn 0.0000 1.0000 0.0095
vn 0.0000 1.0000 0.0088
vn 0.0000 1.0000 -0.0047
vn 0.0000 1.0000 -0.0050
vn -0.0000 1.0000 -0.0095
vn 0.0000 1.0000 -0.0088
vn -0.0068 1.0000 -0.0000
vn -0.0132 0.9999 -0.0000
vn -0.0122 0.9999 0.0000
vn 0.0007 -0.0402 0.9992
vn 0.0000 -0.0402 0.9992
vn 0.0000 -0.2067 0.9784
vn 0.0007 -0.2068 0.9784
vn -0.0007 -0.0402 0.9992
vn -0.0007 -0.2063 0.9785
vn -0.0000 -0.3357 0.9420
vn 0.0007 -0.3361 0.9418
vn -0.0007 -0.3352 0.9421
vn 0.0020 -0.0034 1.0000
vn 0.0007 -0.0033 1.0000
vn 0.0020 -0.0401 0.9992
vn -0.0000 -0.0032 1.0000
vn -0.0007 -0.0033 1.0000
vn -0.0020 -0.0034 1.0000
vn -0.0020 -0.0401 0.9992
vn -0.0020 -0.2057 0.9786
vn -0.0019 -0.3344 0.9424
vn -0.0004 -0.7995 0.6006
vn -0.0012 -0.7984 0.6021
vn -0.0012 -0.7985 0.6020
vn 0.0000 -0.7997 0.6003
vn 0.0004 -0.7991 0.6012
vn 0.0012 -0.7982 0.6024
vn 0.0012 -0.7982 0.6023
vn 0.0020 -0.2059 0.9786
vn 0.0019 -0.3349 0.9423
vn -0.9991 -0.0414 0.0005
vn -0.9992 -0.0392 -0.0000
vn -0.9775 -0.2111 0.0000
vn -0.9789 -0.2045 0.0005
vn -0.9991 -0.0414 -0.0005
vn -0.9789 -0.2045 -0.0005
vn -0.9404 -0.3400 0.0000
vn -0.9444 -0.3289 0.0005
vn -0.9444 -0.3289 -0.0005
vn -1.0000 -0.0041 0.0014
vn -1.0000 -0.0030 0.0005
vn -0.9991 -0.0426 0.0014
vn -1.0000 0.0000 -0.0000
vn -1.0000 -0.0030 -0.0005
vn -1.0000 -0.0040 -0.0014
vn -0.9991 -0.0426 -0.0014
vn -0.9792 -0.2031 -0.0014
vn -0.9455 -0.3255 -0.0013
vn -0.5984 -0.8012 -0.0003
vn -0.6055 -0.7958 -0.0009
vn -0.6054 -0.7959 -0.0008
vn -0.5982 -0.8014 -0.0003
vn -0.5921 -0.8059 -0.0000
vn -0.5984 -0.8012 0.0003
vn -0.5982 -0.8014 0.0003
vn -0.6055 -0.7958 0.0009
vn -0.6054 -0.7959 0.0008
vn -0.9792 -0.2030 0.0014
vn -0.9455 -0.3255 0.0013
vn -0.0007 -0.0400 -0.9992
vn 0.0000 -0.0403 -0.9992
vn 0.0000 -0.2066 -0.9784
vn -0.0007 -0.2063 -0.9785
vn 0.0007 -0.0402 -0.9992
vn 0.0007 -0.2069 -0.9784
vn 0.0000 -0.3361 -0.9418
vn -0.0007 -0.3361 -0.9418
vn 0.0007 -0.3361 -0.9418
vn -0.0020 -0.0033 -1.0000
vn -0.0007 -0.0035 -1.0000
vn -0.0020 -0.0398 -0.9992
vn -0.0000 -0.0033 -1.0000
vn 0.0007 -0.0032 -1.0000
vn 0.0020 -0.0034 -1.0000
vn 0.0020 -0.0399 -0.9992
vn 0.0020 -0.2062 -0.9785
vn 0.0019 -0.3353 -0.9421
vn 0.0004 -0.7995 -0.6006
vn 0.0012 -0.7986 -0.6018
vn 0.0012 -0.7987 -0.6017
vn -0.0000 -0.8000 -0.6000
vn -0.0004 -0.7995 -0.6006
vn -0.0012 -0.7987 -0.6018
vn -0.0012 -0.7987 -0.6017
vn -0.0020 -0.2059 -0.9786
vn -0.0019 -0.3353 -0.9421
vn 0.9992 -0.0386 -0.0039
vn 0.9782 -0.2075 -0.0038
vn 0.9789 -0.2039 -0.0129
vn 0.9991 -0.0408 -0.0131
vn 0.9410 -0.3384 -0.0036
vn 0.9444 -0.3286 -0.0121
vn 0.9775 -0.1995 -0.0692
vn 0.9968 -0.0391 -0.0700
vn 0.9433 -0.3258 -0.0642
vn 1.0000 -0.0028 -0.0014
vn 0.9993 -0.0373 -0.0014
vn 1.0000 -0.0018 -0.0039
vn 0.9781 -0.2079 -0.0014
vn 0.9395 -0.3426 -0.0013
vn 0.6003 -0.7998 -0.0009
vn 0.6002 -0.7998 -0.0008
vn 0.6026 -0.7980 -0.0023
vn 0.6029 -0.7978 -0.0024
vn 0.6069 -0.7948 -0.0075
vn 0.6073 -0.7944 -0.0084
vn 0.6042 -0.7959 -0.0392
vn 0.6031 -0.7964 -0.0450
vn 0.5818 -0.8017 -0.1369
vn 0.5802 -0.8018 -0.1431
vn 0.9187 -0.3288 -0.2190
vn 0.9524 -0.1994 -0.2306
vn 0.9714 -0.0385 -0.2343
vn 0.9976 -0.0034 -0.0699
vn 0.9721 -0.0034 -0.2345
vn 0.9999 -0.0028 -0.0131
vn 0.9231 -0.0376 -0.3826
vn 0.9047 -0.2022 -0.3749
vn 0.8723 -0.2043 -0.4443
vn 0.8903 -0.0396 -0.4536
vn 0.8714 -0.3322 -0.3610
vn 0.8400 -0.3338 -0.4278
vn 0.8348 -0.2037 -0.5114
vn 0.8520 -0.0401 -0.5219
vn 0.8045 -0.3315 -0.4928
vn 0.9238 -0.0027 -0.3829
vn 0.5533 -0.8008 -0.2293
vn 0.5335 -0.8009 -0.2718
vn 0.5087 -0.8026 -0.3116
vn 0.5088 -0.8026 -0.3115
vn 0.4829 -0.8022 -0.3510
vn 0.7643 -0.3274 -0.5555
vn 0.7923 -0.2020 -0.5757
vn 0.8083 -0.0396 -0.5874
vn 0.8527 -0.0033 -0.5223
vn 0.8090 -0.0024 -0.5878
vn 0.8910 -0.0034 -0.4539
vn 0.7596 -0.0408 -0.6491
vn 0.7444 -0.2040 -0.6358
vn 0.6920 -0.2056 -0.6920
vn 0.7065 -0.0406 -0.7065
vn 0.7176 -0.3303 -0.6131
vn 0.6666 -0.3338 -0.6665
vn 0.6357 -0.2058 -0.7440
vn 0.6490 -0.0401 -0.7597
vn 0.6119 -0.3354 -0.7162
vn 0.7603 -0.0031 -0.6496
vn 0.4578 -0.7984 -0.3911
vn 0.4577 -0.7984 -0.3912
vn 0.4279 -0.7962 -0.4279
vn 0.3913 -0.7982 -0.4580
vn 0.3915 -0.7982 -0.4579
vn 0.3537 -0.7987 -0.4868
vn 0.3536 -0.7987 -0.4869
vn 0.5531 -0.3385 -0.7612
vn 0.5751 -0.2070 -0.7915
vn 0.5873 -0.0400 -0.8083
vn 0.6496 -0.0031 -0.7603
vn 0.5878 -0.0034 -0.8090
vn 0.7071 -0.0031 -0.7071
vn 0.5220 -0.0397 -0.8520
vn 0.5112 -0.2063 -0.8343
vn 0.4442 -0.2053 -0.8721
vn 0.4537 -0.0406 -0.8902
vn 0.4918 -0.3368 -0.8030
vn 0.4283 -0.3322 -0.8404
vn 0.3746 -0.2058 -0.9040
vn 0.3825 -0.0410 -0.9230
vn 0.3609 -0.3338 -0.8708
vn 0.5223 -0.0030 -0.8528
vn 0.3134 -0.8001 -0.5114
vn 0.2711 -0.8020 -0.5322
vn 0.2712 -0.8020 -0.5322
vn 0.2292 -0.8010 -0.5530
vn 0.1453 -0.7998 -0.5824
vn 0.1500 -0.8000 -0.5810
vn 0.2305 -0.3363 -0.9131
vn 0.2417 -0.2053 -0.9484
vn 0.2465 -0.0404 -0.9683
vn 0.3829 -0.0032 -0.9238
vn 0.2465 -0.0035 -0.9691
vn 0.4539 -0.0026 -0.8910
vn 0.0863 -0.0400 -0.9955
vn 0.0851 -0.2034 -0.9754
vn 0.0178 -0.2035 -0.9789
vn 0.0181 -0.0396 -0.9991
vn 0.0791 -0.3318 -0.9400
vn 0.0166 -0.3320 -0.9431
vn 0.0054 -0.2047 -0.9788
vn 0.0055 -0.0397 -0.9992
vn 0.0051 -0.3337 -0.9426
vn 0.0861 -0.0034 -0.9963
vn 0.0490 -0.7946 -0.6051
vn 0.0553 -0.7949 -0.6042
vn 0.0104 -0.7944 -0.6073
vn 0.0115 -0.7941 -0.6077
vn 0.0032 -0.7971 -0.6038
vn 0.0034 -0.7970 -0.6040
vn 0.0055 -0.0035 -1.0000
vn 0.0181 -0.0035 -0.9998
vn -0.9991 0.0431 -0.0039
vn -0.9781 0.2079 -0.0038
vn -0.9791 0.2029 -0.0129
vn -0.9991 0.0410 -0.0131
vn -0.9437 0.3307 -0.0036
vn -0.9457 0.3249 -0.0121
vn -0.9770 0.2015 -0.0691
vn -0.9967 0.0406 -0.0700
vn -0.9435 0.3250 -0.0642
vn -1.0000 0.0040 -0.0014
vn -0.9991 0.0426 -0.0014
vn -1.0000 0.0020 -0.0039
vn -0.9792 0.2031 -0.0014
vn -0.9455 0.3255 -0.0013
vn -0.6055 0.7958 -0.0009
vn -0.6054 0.7959 -0.0008
vn -0.6070 0.7947 -0.0023
vn -0.6071 0.7946 -0.0024
vn -0.6036 0.7972 -0.0074
vn -0.6028 0.7979 -0.0082
vn -0.6016 0.7978 -0.0395
vn -0.6022 0.7971 -0.0454
vn -0.5854 0.7991 -0.1371
vn -0.5833 0.7995 -0.1435
vn -0.9163 0.3357 -0.2183
vn -0.9515 0.2045 -0.2300
vn -0.9713 0.0408 -0.2342
vn -0.9975 0.0025 -0.0699
vn -0.9722 0.0042 -0.2343
vn -0.9999 0.0020 -0.0130
vn -0.9231 0.0402 -0.3825
vn -0.9044 0.2040 -0.3748
vn -0.8728 0.2006 -0.4450
vn -0.8901 0.0432 -0.4537
vn -0.8715 0.3316 -0.3612
vn -0.8445 0.3186 -0.4304
vn -0.8356 0.1992 -0.5119
vn -0.8520 0.0429 -0.5218
vn -0.8090 0.3163 -0.4954
vn -0.9238 0.0031 -0.3828
vn -0.5514 0.8024 -0.2285
vn -0.5514 0.8024 -0.2283
vn -0.5312 0.8028 -0.2707
vn -0.5313 0.8028 -0.2707
vn -0.5062 0.8048 -0.3100
vn -0.5063 0.8047 -0.3099
vn -0.4792 0.8056 -0.3484
vn -0.4793 0.8056 -0.3483
vn -0.7657 0.3233 -0.5561
vn -0.7923 0.2023 -0.5757
vn -0.8084 0.0416 -0.5871
vn -0.8527 0.0028 -0.5224
vn -0.8090 0.0013 -0.5878
vn -0.8910 0.0029 -0.4541
vn -0.7596 0.0405 -0.6491
vn -0.7438 0.2071 -0.6355
vn -0.6918 0.2071 -0.6918
vn -0.7064 0.0402 -0.7067
vn -0.7154 0.3387 -0.6111
vn -0.6649 0.3395 -0.6653
vn -0.6360 0.2031 -0.7444
vn -0.6491 0.0406 -0.7596
vn -0.6128 0.3323 -0.7170
vn -0.7604 0.0033 -0.6495
vn -0.4577 0.7984 -0.3913
vn -0.4576 0.7983 -0.3916
vn -0.4279 0.7964 -0.4274
vn -0.4277 0.7965 -0.4275
vn -0.3900 0.7997 -0.4565
vn -0.3899 0.7997 -0.4565
vn -0.3542 0.7981 -0.4874
vn -0.3540 0.7981 -0.4876
vn -0.5530 0.3383 -0.7614
vn -0.5755 0.2054 -0.7916
vn -0.5873 0.0401 -0.8084
vn -0.6497 0.0043 -0.7602
vn -0.5878 0.0046 -0.8090
vn -0.7071 0.0042 -0.7071
vn -0.5219 0.0394 -0.8521
vn -0.5111 0.2062 -0.8344
vn -0.4442 0.2056 -0.8720
vn -0.4537 0.0402 -0.8902
vn -0.4916 0.3374 -0.8028
vn -0.4282 0.3330 -0.8401
vn -0.3746 0.2062 -0.9040
vn -0.3825 0.0405 -0.9231
vn -0.3608 0.3341 -0.8707
vn -0.5222 0.0032 -0.8528
vn -0.3154 0.7972 -0.5148
vn -0.2736 0.7983 -0.5365
vn -0.2734 0.7983 -0.5366
vn -0.2289 0.8014 -0.5526
vn -0.2292 0.8014 -0.5525
vn -0.1447 0.8012 -0.5807
vn -0.1494 0.8015 -0.5791
vn -0.2302 0.3344 -0.9139
vn -0.2421 0.2045 -0.9484
vn -0.2464 0.0400 -0.9684
vn -0.3828 0.0028 -0.9238
vn -0.2464 0.0028 -0.9692
vn -0.4540 0.0027 -0.8910
vn -0.0863 0.0396 -0.9955
vn -0.0851 0.2030 -0.9755
vn -0.0178 0.2035 -0.9789
vn -0.0181 0.0395 -0.9991
vn -0.0791 0.3316 -0.9401
vn -0.0166 0.3321 -0.9431
vn -0.0054 0.2047 -0.9788
vn -0.0055 0.0397 -0.9992
vn -0.0051 0.3337 -0.9427
vn -0.0861 0.0032 -0.9963
vn -0.0490 0.7948 -0.6049
vn -0.0553 0.7951 -0.6039
vn -0.0104 0.7943 -0.6074
vn -0.0115 0.7940 -0.6078
vn -0.0032 0.7971 -0.6038
vn -0.0034 0.7970 -0.6040
vn -0.0012 0.7987 -0.6018
vn -0.0012 0.7986 -0.6018
vn -0.0019 0.3353 -0.9421
vn -0.0020 0.2062 -0.9785
vn -0.0020 0.0399 -0.9992
vn -0.0055 0.0035 -1.0000
vn -0.0020 0.0034 -1.0000
vn -0.0181 0.0035 -0.9998
vn -0.9991 -0.0431 0.0039
vn -0.9782 -0.2077 0.0038
vn -0.9793 -0.2022 0.0129
vn -0.9991 -0.0410 0.0131
vn -0.9439 -0.3304 0.0036
vn -0.9461 -0.3237 0.0121
vn -0.9767 -0.2030 0.0691
vn -0.9967 -0.0405 0.0700
vn -0.9426 -0.3277 0.0640
vn -1.0000 -0.0021 0.0039
vn -0.6068 -0.7948 0.0023
vn -0.6069 -0.7948 0.0024
vn -0.6068 -0.7948 0.0075
vn -0.6068 -0.7948 0.0083
vn -0.6058 -0.7947 0.0396
vn -0.6056 -0.7945 0.0454
vn -0.5852 -0.7992 0.1372
vn -0.5832 -0.7995 0.1434
vn -0.9149 -0.3395 0.2181
vn -0.9511 -0.2064 0.2300
vn -0.9713 -0.0407 0.2343
vn -0.9975 -0.0025 0.0699
vn -0.9722 -0.0042 0.2343
vn -0.9999 -0.0020 0.0130
vn -0.9231 -0.0402 0.3825
vn -0.9043 -0.2041 0.3749
vn -0.8728 -0.2006 0.4450
vn -0.8901 -0.0432 0.4536
vn -0.8715 -0.3317 0.3612
vn -0.8445 -0.3187 0.4304
vn -0.8355 -0.1999 0.5118
vn -0.8520 -0.0432 0.5218
vn -0.8087 -0.3177 0.4951
vn -0.9238 -0.0030 0.3828
vn -0.5514 -0.8024 0.2284
vn -0.5307 -0.8033 0.2704
vn -0.5088 -0.8025 0.3118
vn -0.5088 -0.8025 0.3116
vn -0.4833 -0.8019 0.3512
vn -0.4834 -0.8019 0.3510
vn -0.7653 -0.3246 0.5558
vn -0.7922 -0.2024 0.5757
vn -0.8084 -0.0411 0.5871
vn -0.8527 -0.0031 0.5224
vn -0.8090 -0.0015 0.5878
vn -0.8910 -0.0028 0.4540
vn -0.7597 -0.0389 0.6491
vn -0.7439 -0.2065 0.6355
vn -0.6915 -0.2087 0.6915
vn -0.7064 -0.0399 0.7067
vn -0.7154 -0.3387 0.6111
vn -0.6647 -0.3405 0.6650
vn -0.6358 -0.2048 0.7442
vn -0.6491 -0.0405 0.7596
vn -0.6126 -0.3333 0.7167
vn -0.7603 -0.0023 0.6495
vn -0.4567 -0.7995 0.3902
vn -0.4565 -0.7995 0.3904
vn -0.4262 -0.7981 0.4259
vn -0.4260 -0.7981 0.4261
vn -0.3904 -0.7992 0.4570
vn -0.3540 -0.7984 0.4871
vn -0.3538 -0.7984 0.4873
vn -0.5530 -0.3384 0.7614
vn -0.5754 -0.2057 0.7916
vn -0.5873 -0.0395 0.8084
vn -0.6496 -0.0034 0.7602
vn -0.5878 -0.0042 0.8090
vn -0.7071 -0.0027 0.7071
vn -0.5220 -0.0397 0.8520
vn -0.5111 -0.2063 0.8344
vn -0.4442 -0.2056 0.8720
vn -0.4537 -0.0405 0.8902
vn -0.4916 -0.3374 0.8028
vn -0.4282 -0.3330 0.8401
vn -0.3746 -0.2065 0.9039
vn -0.3825 -0.0404 0.9231
vn -0.3608 -0.3349 0.8705
vn -0.5223 -0.0033 0.8528
vn -0.3149 -0.7979 0.5140
vn -0.2738 -0.7978 0.5372
vn -0.2737 -0.7978 0.5372
vn -0.2298 -0.7996 0.5548
vn -0.2301 -0.7996 0.5547
vn -0.1449 -0.8008 0.5811
vn -0.1497 -0.8010 0.5796
vn -0.2302 -0.3352 0.9136
vn -0.2421 -0.2049 0.9484
vn -0.2463 -0.0400 0.9684
vn -0.3828 -0.0025 0.9238
vn -0.2464 -0.0028 0.9692
vn -0.4540 -0.0026 0.8910
vn -0.0863 -0.0397 0.9955
vn -0.0851 -0.2032 0.9754
vn -0.0178 -0.2038 0.9788
vn -0.0181 -0.0397 0.9990
vn -0.0791 -0.3316 0.9401
vn -0.0166 -0.3317 0.9432
vn -0.0054 -0.2047 0.9788
vn -0.0055 -0.0400 0.9992
vn -0.0051 -0.3329 0.9430
vn -0.0861 -0.0030 0.9963
vn -0.0489 -0.7954 0.6042
vn -0.0552 -0.7957 0.6031
vn -0.0104 -0.7945 0.6072
vn -0.0115 -0.7942 0.6075
vn -0.0032 -0.7969 0.6041
vn -0.0034 -0.7968 0.6043
vn -0.0055 -0.0032 1.0000
vn -0.0181 -0.0031 0.9998
vn 0.9993 0.0366 0.0039
vn 0.9789 0.2041 0.0038
vn 0.9795 0.2012 0.0129
vn 0.9992 0.0391 0.0131
vn 0.9418 0.3361 0.0036
vn 0.9451 0.3265 0.0121
vn 0.9769 0.2024 0.0691
vn 0.9968 0.0394 0.0700
vn 0.9419 0.3298 0.0640
vn 1.0000 0.0024 0.0014
vn 0.9993 0.0376 0.0014
vn 1.0000 0.0021 0.0039
vn 0.9780 0.2086 0.0014
vn 0.9395 0.3426 0.0013
vn 0.6003 0.7998 0.0009
vn 0.6002 0.7998 0.0008
vn 0.6011 0.7992 0.0023
vn 0.6012 0.7991 0.0024
vn 0.6054 0.7959 0.0075
vn 0.6062 0.7953 0.0083
vn 0.6058 0.7946 0.0394
vn 0.6049 0.7950 0.0452
vn 0.5827 0.8010 0.1370
vn 0.5810 0.8013 0.1429
vn 0.9184 0.3293 0.2192
vn 0.9517 0.2027 0.2305
vn 0.9713 0.0411 0.2344
vn 0.9976 0.0029 0.0699
vn 0.9721 0.0028 0.2345
vn 0.9999 0.0028 0.0131
vn 0.9230 0.0400 0.3826
vn 0.9046 0.2030 0.3749
vn 0.8723 0.2043 0.4443
vn 0.8903 0.0396 0.4536
vn 0.8725 0.3289 0.3614
vn 0.8399 0.3338 0.4279
vn 0.8346 0.2049 0.5113
vn 0.8520 0.0406 0.5219
vn 0.8038 0.3337 0.4924
vn 0.9238 0.0023 0.3829
vn 0.5528 0.8012 0.2290
vn 0.5527 0.8012 0.2292
vn 0.5325 0.8018 0.2713
vn 0.5326 0.8018 0.2712
vn 0.5113 0.8002 0.3134
vn 0.4858 0.7997 0.3528
vn 0.4857 0.7997 0.3528
vn 0.7625 0.3339 0.5541
vn 0.7919 0.2044 0.5754
vn 0.8084 0.0395 0.5874
vn 0.8527 0.0032 0.5223
vn 0.8090 0.0032 0.5878
vn 0.8910 0.0026 0.4539
vn 0.7597 0.0402 0.6490
vn 0.7442 0.2053 0.6357
vn 0.6920 0.2056 0.6920
vn 0.7065 0.0406 0.7065
vn 0.7165 0.3345 0.6122
vn 0.6665 0.3339 0.6665
vn 0.6358 0.2052 0.7441
vn 0.6490 0.0401 0.7597
vn 0.6124 0.3335 0.7168
vn 0.7603 0.0033 0.6496
vn 0.4570 0.7991 0.3906
vn 0.4279 0.7961 0.4279
vn 0.3906 0.7991 0.4570
vn 0.3907 0.7991 0.4569
vn 0.3531 0.7993 0.4862
vn 0.3531 0.7993 0.4863
vn 0.5536 0.3364 0.7618
vn 0.5751 0.2068 0.7915
vn 0.5873 0.0401 0.8084
vn 0.6496 0.0028 0.7603
vn 0.5878 0.0027 0.8090
vn 0.7071 0.0031 0.7071
vn 0.5220 0.0405 0.8520
vn 0.5111 0.2074 0.8342
vn 0.4441 0.2062 0.8719
vn 0.4537 0.0416 0.8902
vn 0.4917 0.3368 0.8030
vn 0.4283 0.3322 0.8404
vn 0.3747 0.2059 0.9040
vn 0.3825 0.0412 0.9230
vn 0.3610 0.3333 0.8710
vn 0.5224 0.0027 0.8527
vn 0.3144 0.7987 0.5131
vn 0.2720 0.8006 0.5339
vn 0.2721 0.8006 0.5338
vn 0.2296 0.8001 0.5542
vn 0.2297 0.8001 0.5542
vn 0.1455 0.7993 0.5831
vn 0.1503 0.7994 0.5816
vn 0.2306 0.3358 0.9133
vn 0.2417 0.2050 0.9484
vn 0.2464 0.0404 0.9683
vn 0.3829 0.0032 0.9238
vn 0.2465 0.0035 0.9691
vn 0.4540 0.0026 0.8910
vn 0.0863 0.0401 0.9955
vn 0.0851 0.2036 0.9754
vn 0.0178 0.2037 0.9789
vn 0.0181 0.0397 0.9990
vn 0.0791 0.3318 0.9400
vn 0.0166 0.3315 0.9433
vn 0.0054 0.2046 0.9788
vn 0.0055 0.0400 0.9992
vn 0.0051 0.3324 0.9431
vn 0.0861 0.0032 0.9963
vn 0.0490 0.7949 0.6048
vn 0.0553 0.7952 0.6039
vn 0.0104 0.7945 0.6071
vn 0.0115 0.7943 0.6074
vn 0.0032 0.7971 0.6038
vn 0.0034 0.7969 0.6041
vn 0.0012 0.7989 0.6014
vn 0.0012 0.7989 0.6015
vn 0.0019 0.3335 0.9428
vn 0.0020 0.2055 0.9787
vn 0.0020 0.0402 0.9992
vn 0.0055 0.0031 1.0000
vn 0.0020 0.0032 1.0000
vn 0.0181 0.0031 0.9998
vn 0.9993 -0.0381 -0.0005
vn 0.9993 -0.0363 0.0000
vn 0.9778 -0.2094 0.0000
vn 0.9781 -0.2080 -0.0005
vn 0.9993 -0.0381 0.0005
vn 0.9781 -0.2080 0.0005
vn 0.9362 -0.3515 0.0000
vn 0.9385 -0.3451 -0.0005
vn 0.9385 -0.3451 0.0005
vn 1.0000 -0.0047 -0.0005
vn 1.0000 -0.0049 0.0000
vn 1.0000 -0.0047 0.0005
vn 1.0000 -0.0031 0.0014
vn 0.9993 -0.0372 0.0014
vn 0.9782 -0.2075 0.0014
vn 0.9395 -0.3426 0.0013
vn 0.6036 -0.7973 0.0003
vn 0.6003 -0.7998 0.0009
vn 0.6002 -0.7998 0.0008
vn 0.6037 -0.7972 0.0003
vn 0.6074 -0.7944 -0.0000
vn 0.6036 -0.7973 -0.0003
vn 0.6037 -0.7972 -0.0003
vn 0.9419 0.3359 -0.0005
vn 0.9383 0.3457 -0.0000
vn 0.9785 0.2064 -0.0000
vn 0.9789 0.2044 -0.0005
vn 0.9385 0.3451 0.0005
vn 0.9779 0.2092 0.0005
vn 0.9993 0.0363 -0.0000
vn 0.9993 0.0385 -0.0005
vn 0.9993 0.0385 0.0005
vn 0.6002 0.7998 -0.0008
vn 0.6037 0.7972 -0.0003
vn 0.6035 0.7973 -0.0003
vn 0.6003 0.7998 -0.0009
vn 0.6074 0.7944 -0.0000
vn 0.6037 0.7972 0.0003
vn 0.6035 0.7973 0.0003
vn 1.0000 0.0039 0.0005
vn 1.0000 0.0049 -0.0000
vn 1.0000 0.0039 -0.0005
vn 0.9993 0.0370 -0.0014
vn 1.0000 0.0032 -0.0014
vn 0.9787 0.2055 -0.0014
vn 0.9408 0.3391 -0.0013
vn 1.0000 0.0000 -0.0005
vn 1.0000 0.0000 -0.0000
vn 1.0000 0.0000 0.0005
vn 1.0000 0.0000 -0.0014
vn 1.0000 0.0000 0.0014
vn 0.0791 -0.3318 0.9400
vn 0.0851 -0.2034 0.9754
vn 0.0178 -0.2034 0.9789
vn 0.0166 -0.3315 0.9433
vn 0.0863 -0.0400 0.9955
vn 0.0181 -0.0396 0.9991
vn 0.0054 -0.2046 0.9788
vn 0.0051 -0.3329 0.9430
vn 0.0055 -0.0399 0.9992
vn 0.1455 -0.7993 0.5830
vn 0.1504 -0.7995 0.5816
vn 0.0553 -0.7952 0.6039
vn 0.0490 -0.7949 0.6048
vn 0.2306 -0.3358 0.9133
vn 0.2417 -0.2050 0.9484
vn 0.2464 -0.0404 0.9683
vn 0.2465 -0.0035 0.9691
vn 0.0861 -0.0033 0.9963
vn 0.0181 -0.0034 0.9998
vn 0.0055 -0.0035 1.0000
vn 0.0032 -0.7969 0.6041
vn 0.0034 -0.7967 0.6043
vn 0.0104 -0.7946 0.6071
vn 0.0115 -0.7943 0.6074
vn 0.0861 0.0000 0.9963
vn 0.0181 0.0001 0.9998
vn 0.0181 -0.0001 0.9998
vn 0.0055 0.0001 1.0000
vn 0.0055 -0.0001 1.0000
vn 0.2465 0.0000 0.9691
vn 0.2465 0.0000 0.9692
vn 0.2464 0.0000 0.9692
vn 0.0020 -0.0001 1.0000
vn 0.0020 0.0001 1.0000
vn 0.4918 -0.3368 0.8030
vn 0.5111 -0.2074 0.8341
vn 0.4442 -0.2066 0.8718
vn 0.4278 -0.3343 0.8398
vn 0.5220 -0.0405 0.8520
vn 0.4536 -0.0409 0.8902
vn 0.3746 -0.2062 0.9040
vn 0.3606 -0.3354 0.8703
vn 0.3825 -0.0405 0.9231
vn 0.3540 -0.7983 0.4873
vn 0.3539 -0.7983 0.4873
vn 0.3144 -0.7987 0.5131
vn 0.5531 -0.3385 0.7612
vn 0.5750 -0.2072 0.7915
vn 0.5873 -0.0394 0.8084
vn 0.5878 -0.0027 0.8090
vn 0.5224 -0.0027 0.8527
vn 0.4540 -0.0025 0.8910
vn 0.3829 -0.0030 0.9238
vn 0.2294 -0.8005 0.5537
vn 0.2717 -0.8010 0.5334
vn 0.2718 -0.8010 0.5334
vn 0.5224 0.0000 0.8527
vn 0.4540 -0.0001 0.8910
vn 0.4540 0.0000 0.8910
vn 0.3829 -0.0001 0.9238
vn 0.3829 0.0000 0.9238
vn 0.5878 0.0000 0.8090
vn 0.7165 -0.3345 0.6122
vn 0.7441 -0.2053 0.6357
vn 0.6920 -0.2056 0.6920
vn 0.6666 -0.3338 0.6665
vn 0.7597 -0.0402 0.6491
vn 0.7065 -0.0407 0.7065
vn 0.6357 -0.2056 0.7440
vn 0.6119 -0.3354 0.7162
vn 0.6490 -0.0395 0.7598
vn 0.4858 -0.7997 0.3528
vn 0.4857 -0.7997 0.3528
vn 0.4570 -0.7991 0.3906
vn 0.7625 -0.3339 0.5541
vn 0.7919 -0.2044 0.5754
vn 0.8084 -0.0395 0.5874
vn 0.8090 -0.0032 0.5878
vn 0.7603 -0.0033 0.6496
vn 0.7071 -0.0032 0.7071
vn 0.6496 -0.0028 0.7603
vn 0.3914 -0.7981 0.4581
vn 0.3916 -0.7981 0.4580
vn 0.4280 -0.7961 0.4280
vn 0.7603 0.0000 0.6496
vn 0.7071 0.0000 0.7071
vn 0.6496 0.0000 0.7603
vn 0.6495 -0.0000 0.7603
vn 0.8090 0.0000 0.5878
vn 0.8725 -0.3289 0.3614
vn 0.9049 -0.2012 0.3750
vn 0.8723 -0.2039 0.4444
vn 0.8399 -0.3338 0.4279
vn 0.9231 -0.0393 0.3825
vn 0.8904 -0.0386 0.4536
vn 0.8346 -0.2049 0.5113
vn 0.8038 -0.3338 0.4924
vn 0.8521 -0.0397 0.5219
vn 0.5827 -0.8011 0.1370
vn 0.5810 -0.8013 0.1429
vn 0.5527 -0.8012 0.2292
vn 0.5528 -0.8012 0.2290
vn 0.9184 -0.3293 0.2192
vn 0.9520 -0.2014 0.2305
vn 0.9713 -0.0406 0.2344
vn 0.9721 -0.0037 0.2344
vn 0.9238 -0.0035 0.3829
vn 0.8910 -0.0020 0.4539
vn 0.8527 -0.0023 0.5223
vn 0.5113 -0.8002 0.3134
vn 0.5325 -0.8018 0.2712
vn 0.9238 -0.0005 0.3829
vn 0.9238 0.0000 0.3830
vn 0.8910 0.0000 0.4539
vn 0.8910 0.0003 0.4539
vn 0.9238 0.0005 0.3829
vn 0.8910 -0.0003 0.4539
vn 0.8528 0.0000 0.5223
vn 0.8528 0.0006 0.5223
vn 0.8528 -0.0006 0.5223
vn 0.9721 -0.0001 0.2344
vn 0.9721 0.0000 0.2344
vn 0.9721 0.0001 0.2344
vn 0.9418 -0.3361 0.0036
vn 0.9788 -0.2050 0.0038
vn 0.9793 -0.2021 0.0129
vn 0.9451 -0.3265 0.0121
vn 0.9993 -0.0370 0.0039
vn 0.9991 -0.0394 0.0131
vn 0.9769 -0.2024 0.0691
vn 0.9419 -0.3298 0.0640
vn 0.9968 -0.0394 0.0700
vn 0.6029 -0.7978 0.0024
vn 0.6026 -0.7980 0.0023
vn 1.0000 -0.0015 0.0039
vn 0.9999 -0.0022 0.0131
vn 0.9976 -0.0029 0.0699
vn 0.6058 -0.7946 0.0394
vn 0.6049 -0.7950 0.0452
vn 0.6072 -0.7945 0.0075
vn 0.6076 -0.7942 0.0084
vn 1.0000 0.0000 0.0039
vn 0.9999 0.0000 0.0131
vn 0.9976 0.0000 0.0698
vn -0.0791 0.3316 0.9401
vn -0.0851 0.2030 0.9755
vn -0.0178 0.2035 0.9789
vn -0.0166 0.3317 0.9433
vn -0.0863 0.0396 0.9955
vn -0.0181 0.0395 0.9991
vn -0.0054 0.2045 0.9789
vn -0.0051 0.3324 0.9431
vn -0.0055 0.0401 0.9992
vn -0.1450 0.8005 0.5815
vn -0.1498 0.8007 0.5800
vn -0.0552 0.7955 0.6034
vn -0.0489 0.7952 0.6044
vn -0.2302 0.3351 0.9136
vn -0.2421 0.2049 0.9484
vn -0.2463 0.0400 0.9684
vn -0.2464 0.0028 0.9692
vn -0.0861 0.0031 0.9963
vn -0.0181 0.0034 0.9998
vn -0.0055 0.0035 1.0000
vn -0.0020 0.0033 1.0000
vn -0.0020 0.0405 0.9992
vn -0.0020 0.2057 0.9786
vn -0.0019 0.3335 0.9427
vn -0.0032 0.7969 0.6041
vn -0.0034 0.7967 0.6043
vn -0.0012 0.7984 0.6021
vn -0.0012 0.7985 0.6020
vn -0.0104 0.7946 0.6071
vn -0.0115 0.7943 0.6074
vn -0.0861 -0.0000 0.9963
vn -0.0181 -0.0001 0.9998
vn -0.0181 0.0001 0.9998
vn -0.0055 -0.0001 1.0000
vn -0.0055 0.0001 1.0000
vn -0.2464 0.0000 0.9692
vn -0.0020 0.0001 1.0000
vn -0.0020 -0.0001 1.0000
vn -0.4916 0.3374 0.8028
vn -0.5111 0.2063 0.8344
vn -0.4442 0.2056 0.8720
vn -0.4282 0.3330 0.8401
vn -0.5220 0.0397 0.8520
vn -0.4537 0.0405 0.8902
vn -0.3746 0.2065 0.9039
vn -0.3608 0.3349 0.8705
vn -0.3825 0.0404 0.9231
vn -0.3540 0.7984 0.4871
vn -0.3538 0.7983 0.4873
vn -0.3149 0.7979 0.5140
vn -0.5530 0.3384 0.7614
vn -0.5754 0.2057 0.7916
vn -0.5873 0.0395 0.8084
vn -0.5878 0.0042 0.8090
vn -0.5223 0.0033 0.8528
vn -0.4540 0.0026 0.8910
vn -0.3828 0.0025 0.9238
vn -0.2299 0.7996 0.5548
vn -0.2302 0.7995 0.5548
vn -0.2738 0.7978 0.5372
vn -0.2737 0.7978 0.5373
vn -0.5223 0.0002 0.8528
vn -0.5223 0.0000 0.8528
vn -0.4540 -0.0000 0.8910
vn -0.4540 0.0002 0.8910
vn -0.5223 -0.0002 0.8528
vn -0.4541 -0.0002 0.8910
vn -0.3828 -0.0000 0.9238
vn -0.5877 0.0000 0.8091
vn -0.7154 0.3387 0.6111
vn -0.7439 0.2065 0.6355
vn -0.6916 0.2085 0.6916
vn -0.6649 0.3395 0.6653
vn -0.7597 0.0389 0.6491
vn -0.7064 0.0402 0.7066
vn -0.6358 0.2046 0.7442
vn -0.6128 0.3323 0.7169
vn -0.6491 0.0409 0.7596
vn -0.4833 0.8019 0.3512
vn -0.4834 0.8019 0.3511
vn -0.4565 0.7995 0.3904
vn -0.4566 0.7995 0.3902
vn -0.7653 0.3246 0.5558
vn -0.7922 0.2024 0.5757
vn -0.8084 0.0411 0.5872
vn -0.8090 0.0021 0.5878
vn -0.7603 0.0030 0.6495
vn -0.7070 0.0028 0.7072
vn -0.6496 0.0036 0.7602
vn -0.3905 0.7992 0.4570
vn -0.3904 0.7992 0.4570
vn -0.4261 0.7981 0.4259
vn -0.4260 0.7981 0.4260
vn -0.7604 -0.0005 0.6495
vn -0.7603 -0.0005 0.6495
vn -0.7072 -0.0001 0.7071
vn -0.7071 -0.0001 0.7071
vn -0.7603 0.0006 0.6495
vn -0.7072 0.0002 0.7071
vn -0.6496 -0.0001 0.7603
vn -0.6496 0.0002 0.7603
vn -0.8090 -0.0005 0.5878
vn -0.8090 -0.0005 0.5879
vn -0.8090 0.0006 0.5879
vn -0.8715 0.3317 0.3612
vn -0.9044 0.2039 0.3749
vn -0.8728 0.2004 0.4450
vn -0.8445 0.3186 0.4304
vn -0.9231 0.0401 0.3825
vn -0.8902 0.0423 0.4536
vn -0.8355 0.1999 0.5118
vn -0.8087 0.3177 0.4951
vn -0.8520 0.0423 0.5218
vn -0.5852 0.7992 0.1372
vn -0.5832 0.7995 0.1434
vn -0.5514 0.8024 0.2284
vn -0.9149 0.3395 0.2181
vn -0.9511 0.2064 0.2300
vn -0.9713 0.0407 0.2343
vn -0.9722 0.0042 0.2343
vn -0.9238 0.0031 0.3828
vn -0.8910 0.0020 0.4540
vn -0.8527 0.0022 0.5224
vn -0.5088 0.8025 0.3118
vn -0.5089 0.8025 0.3116
vn -0.5307 0.8032 0.2705
vn -0.5308 0.8032 0.2704
vn -0.9238 -0.0001 0.3828
vn -0.9238 0.0000 0.3828
vn -0.8910 0.0000 0.4540
vn -0.8910 -0.0001 0.4540
vn -0.9238 0.0001 0.3828
vn -0.8910 0.0001 0.4540
vn -0.8527 0.0000 0.5224
vn -0.9722 0.0000 0.2343
vn -0.9419 0.3359 0.0036
vn -0.9780 0.2085 0.0038
vn -0.9793 0.2021 0.0129
vn -0.9461 0.3237 0.0121
vn -0.9991 0.0412 0.0039
vn -0.9991 0.0409 0.0131
vn -0.9767 0.2030 0.0691
vn -0.9426 0.3277 0.0640
vn -0.9967 0.0405 0.0700
vn -0.6054 0.7959 0.0008
vn -0.6055 0.7958 0.0009
vn -0.6071 0.7946 0.0024
vn -0.6070 0.7947 0.0023
vn -0.9437 0.3308 0.0013
vn -0.9789 0.2041 0.0014
vn -0.9992 0.0408 0.0014
vn -1.0000 0.0041 0.0014
vn -1.0000 0.0021 0.0039
vn -0.9999 0.0021 0.0130
vn -0.9975 0.0025 0.0699
vn -0.6009 0.7983 0.0395
vn -0.6016 0.7975 0.0453
vn -0.6031 0.7976 0.0074
vn -0.6021 0.7983 0.0082
vn -1.0000 0.0000 0.0039
vn -0.9999 0.0000 0.0130
vn -0.9976 0.0000 0.0699
vn -0.9976 0.0000 0.0700
vn -1.0000 0.0000 0.0014
vn -0.0791 -0.3316 -0.9401
vn -0.0851 -0.2030 -0.9755
vn -0.0178 -0.2035 -0.9789
vn -0.0166 -0.3321 -0.9431
vn -0.0863 -0.0396 -0.9955
vn -0.0181 -0.0395 -0.9991
vn -0.0054 -0.2047 -0.9788
vn -0.0051 -0.3337 -0.9427
vn -0.0055 -0.0397 -0.9992
vn -0.1445 -0.8020 -0.5796
vn -0.1492 -0.8022 -0.5782
vn -0.0551 -0.7963 -0.6023
vn -0.0488 -0.7959 -0.6034
vn -0.2302 -0.3344 -0.9139
vn -0.2421 -0.2045 -0.9484
vn -0.2463 -0.0400 -0.9684
vn -0.2464 -0.0028 -0.9692
vn -0.0861 -0.0032 -0.9963
vn -0.0181 -0.0035 -0.9998
vn -0.0055 -0.0034 -1.0000
vn -0.0032 -0.7971 -0.6038
vn -0.0034 -0.7970 -0.6040
vn -0.0104 -0.7947 -0.6069
vn -0.0115 -0.7945 -0.6072
vn -0.0861 0.0000 -0.9963
vn -0.0181 0.0000 -0.9998
vn -0.0181 0.0001 -0.9998
vn -0.0181 -0.0001 -0.9998
vn -0.0055 -0.0001 -1.0000
vn -0.0055 0.0003 -1.0000
vn -0.0055 -0.0002 -1.0000
vn -0.2464 0.0000 -0.9692
vn -0.0020 -0.0001 -1.0000
vn -0.0020 -0.0002 -1.0000
vn -0.0020 0.0001 -1.0000
vn -0.4916 -0.3374 -0.8028
vn -0.5112 -0.2062 -0.8344
vn -0.4442 -0.2056 -0.8720
vn -0.4282 -0.3330 -0.8401
vn -0.5220 -0.0394 -0.8521
vn -0.4537 -0.0402 -0.8902
vn -0.3746 -0.2062 -0.9040
vn -0.3608 -0.3341 -0.8707
vn -0.3825 -0.0405 -0.9231
vn -0.3542 -0.7981 -0.4874
vn -0.3540 -0.7981 -0.4876
vn -0.3154 -0.7972 -0.5148
vn -0.5530 -0.3383 -0.7614
vn -0.5755 -0.2054 -0.7916
vn -0.5873 -0.0401 -0.8084
vn -0.5878 -0.0051 -0.8090
vn -0.5222 -0.0032 -0.8528
vn -0.4540 -0.0023 -0.8910
vn -0.3828 -0.0025 -0.9238
vn -0.2289 -0.8014 -0.5526
vn -0.2292 -0.8014 -0.5525
vn -0.2736 -0.7983 -0.5365
vn -0.2734 -0.7983 -0.5366
vn -0.5222 -0.0000 -0.8528
vn -0.5223 -0.0000 -0.8528
vn -0.4540 -0.0003 -0.8910
vn -0.4540 0.0004 -0.8910
vn -0.3828 -0.0003 -0.9238
vn -0.3829 -0.0003 -0.9238
vn -0.3828 0.0003 -0.9238
vn -0.5877 0.0000 -0.8091
vn -0.5877 0.0005 -0.8091
vn -0.5877 -0.0001 -0.8091
vn -0.7154 -0.3387 -0.6111
vn -0.7438 -0.2071 -0.6355
vn -0.6917 -0.2071 -0.6918
vn -0.6649 -0.3395 -0.6653
vn -0.7596 -0.0405 -0.6491
vn -0.7064 -0.0402 -0.7067
vn -0.6360 -0.2031 -0.7444
vn -0.6128 -0.3323 -0.7170
vn -0.6491 -0.0406 -0.7596
vn -0.4852 -0.8001 -0.3526
vn -0.4853 -0.8001 -0.3524
vn -0.4598 -0.7962 -0.3933
vn -0.4599 -0.7962 -0.3930
vn -0.7649 -0.3261 -0.5555
vn -0.7920 -0.2037 -0.5755
vn -0.8084 -0.0416 -0.5871
vn -0.8090 -0.0025 -0.5877
vn -0.7603 -0.0045 -0.6495
vn -0.7070 -0.0042 -0.7072
vn -0.6497 -0.0049 -0.7602
vn -0.3900 -0.7997 -0.4565
vn -0.4278 -0.7964 -0.4274
vn -0.4276 -0.7965 -0.4275
vn -0.7604 0.0005 -0.6495
vn -0.7603 0.0010 -0.6495
vn -0.7072 0.0000 -0.7070
vn -0.7071 0.0000 -0.7071
vn -0.7603 -0.0006 -0.6495
vn -0.6497 0.0005 -0.7602
vn -0.6497 0.0000 -0.7602
vn -0.6497 -0.0001 -0.7602
vn -0.8090 0.0005 -0.5878
vn -0.8090 0.0010 -0.5879
vn -0.8090 -0.0006 -0.5879
vn -0.8715 -0.3316 -0.3612
vn -0.9042 -0.2052 -0.3747
vn -0.8726 -0.2017 -0.4449
vn -0.8445 -0.3186 -0.4304
vn -0.9231 -0.0406 -0.3825
vn -0.8902 -0.0428 -0.4536
vn -0.8354 -0.2006 -0.5117
vn -0.8083 -0.3191 -0.4949
vn -0.8520 -0.0420 -0.5218
vn -0.5854 -0.7991 -0.1371
vn -0.5833 -0.7995 -0.1435
vn -0.5514 -0.8024 -0.2283
vn -0.5514 -0.8024 -0.2285
vn -0.9163 -0.3357 -0.2183
vn -0.9515 -0.2045 -0.2300
vn -0.9713 -0.0408 -0.2342
vn -0.9722 -0.0042 -0.2343
vn -0.9238 -0.0024 -0.3828
vn -0.8910 -0.0013 -0.4541
vn -0.8527 -0.0019 -0.5224
vn -0.5090 -0.8022 -0.3119
vn -0.5091 -0.8022 -0.3119
vn -0.5302 -0.8037 -0.2701
vn -0.9238 0.0000 -0.3828
vn -0.8910 0.0000 -0.4540
vn -0.8527 0.0000 -0.5224
vn -0.8527 0.0000 -0.5225
vn -0.9722 0.0000 -0.2343
vn -0.9437 -0.3307 -0.0036
vn -0.9781 -0.2079 -0.0038
vn -0.9791 -0.2029 -0.0129
vn -0.9457 -0.3249 -0.0121
vn -0.9991 -0.0431 -0.0039
vn -0.9991 -0.0410 -0.0131
vn -0.9770 -0.2015 -0.0691
vn -0.9435 -0.3250 -0.0642
vn -0.9967 -0.0406 -0.0700
vn -0.6071 -0.7946 -0.0024
vn -0.6070 -0.7947 -0.0023
vn -1.0000 -0.0020 -0.0039
vn -0.9999 -0.0020 -0.0130
vn -0.9975 -0.0025 -0.0699
vn -0.6016 -0.7978 -0.0395
vn -0.6022 -0.7971 -0.0454
vn -0.6036 -0.7972 -0.0074
vn -0.6028 -0.7979 -0.0082
vn -1.0000 0.0000 -0.0039
vn -0.9999 0.0000 -0.0130
vn -0.9976 0.0000 -0.0699
vn -0.9976 0.0000 -0.0700
vn -1.0000 0.0000 -0.0014
vn 0.0791 0.3318 -0.9400
vn 0.0851 0.2034 -0.9754
vn 0.0178 0.2035 -0.9789
vn 0.0166 0.3320 -0.9431
vn 0.0863 0.0400 -0.9955
vn 0.0181 0.0396 -0.9991
vn 0.0054 0.2047 -0.9788
vn 0.0051 0.3337 -0.9427
vn 0.0055 0.0397 -0.9992
vn 0.1452 0.8004 -0.5816
vn 0.1499 0.8006 -0.5802
vn 0.0552 0.7960 -0.6028
vn 0.0489 0.7957 -0.6037
vn 0.2305 0.3363 -0.9131
vn 0.2417 0.2053 -0.9484
vn 0.2465 0.0404 -0.9683
vn 0.2465 0.0035 -0.9691
vn 0.0861 0.0034 -0.9963
vn 0.0181 0.0035 -0.9998
vn 0.0055 0.0033 -1.0000
vn 0.0020 0.0031 -1.0000
vn 0.0020 0.0399 -0.9992
vn 0.0020 0.2062 -0.9785
vn 0.0019 0.3353 -0.9421
vn 0.0032 0.7971 -0.6038
vn 0.0034 0.7969 -0.6040
vn 0.0012 0.7986 -0.6018
vn 0.0012 0.7987 -0.6017
vn 0.0104 0.7948 -0.6068
vn 0.0115 0.7945 -0.6071
vn 0.0861 0.0000 -0.9963
vn 0.0181 0.0000 -0.9998
vn 0.0181 -0.0001 -0.9998
vn 0.0181 0.0001 -0.9998
vn 0.0055 0.0001 -1.0000
vn 0.0055 -0.0003 -1.0000
vn 0.0055 0.0002 -1.0000
vn 0.2465 0.0000 -0.9692
vn 0.2465 0.0000 -0.9691
vn 0.0020 0.0001 -1.0000
vn 0.0020 0.0002 -1.0000
vn 0.0020 -0.0001 -1.0000
vn 0.4918 0.3368 -0.8029
vn 0.5112 0.2063 -0.8343
vn 0.4443 0.2056 -0.8720
vn 0.4278 0.3343 -0.8398
vn 0.5220 0.0397 -0.8520
vn 0.4536 0.0399 -0.8903
vn 0.3746 0.2062 -0.9040
vn 0.3605 0.3358 -0.8702
vn 0.3825 0.0403 -0.9231
vn 0.3545 0.7976 -0.4879
vn 0.3545 0.7976 -0.4880
vn 0.3134 0.8001 -0.5114
vn 0.5531 0.3385 -0.7612
vn 0.5751 0.2070 -0.7915
vn 0.5873 0.0400 -0.8083
vn 0.5878 0.0035 -0.8090
vn 0.5223 0.0030 -0.8527
vn 0.4539 0.0026 -0.8910
vn 0.3829 0.0032 -0.9238
vn 0.2292 0.8010 -0.5531
vn 0.2292 0.8010 -0.5530
vn 0.2711 0.8020 -0.5322
vn 0.2712 0.8020 -0.5322
vn 0.5223 -0.0000 -0.8527
vn 0.4540 -0.0000 -0.8910
vn 0.3829 0.0000 -0.9238
vn 0.5878 0.0000 -0.8090
vn 0.5877 -0.0001 -0.8090
vn 0.7165 0.3345 -0.6122
vn 0.7440 0.2062 -0.6356
vn 0.6920 0.2056 -0.6920
vn 0.6666 0.3338 -0.6665
vn 0.7596 0.0408 -0.6491
vn 0.7065 0.0406 -0.7065
vn 0.6357 0.2058 -0.7440
vn 0.6120 0.3354 -0.7162
vn 0.6490 0.0401 -0.7597
vn 0.4852 0.8000 -0.3529
vn 0.4853 0.8000 -0.3528
vn 0.4599 0.7963 -0.3929
vn 0.7631 0.3319 -0.5545
vn 0.7920 0.2043 -0.5754
vn 0.8083 0.0397 -0.5874
vn 0.8090 0.0026 -0.5878
vn 0.7603 0.0039 -0.6495
vn 0.7071 0.0037 -0.7071
vn 0.6496 0.0033 -0.7603
vn 0.3922 0.7971 -0.4591
vn 0.3924 0.7971 -0.4590
vn 0.4279 0.7961 -0.4278
vn 0.7603 0.0001 -0.6496
vn 0.7603 -0.0007 -0.6496
vn 0.7071 -0.0005 -0.7071
vn 0.7071 0.0001 -0.7071
vn 0.7603 0.0000 -0.6496
vn 0.7071 0.0000 -0.7071
vn 0.6496 -0.0001 -0.7603
vn 0.6496 0.0000 -0.7603
vn 0.8090 0.0000 -0.5878
vn 0.8090 -0.0002 -0.5878
vn 0.8714 0.3323 -0.3610
vn 0.9049 0.2014 -0.3750
vn 0.8724 0.2034 -0.4444
vn 0.8400 0.3338 -0.4278
vn 0.9232 0.0373 -0.3826
vn 0.8904 0.0384 -0.4536
vn 0.8348 0.2038 -0.5114
vn 0.8044 0.3317 -0.4928
vn 0.8521 0.0392 -0.5219
vn 0.5818 0.8017 -0.1369
vn 0.5802 0.8018 -0.1431
vn 0.5533 0.8008 -0.2294
vn 0.5533 0.8008 -0.2293
vn 0.9187 0.3288 -0.2190
vn 0.9524 0.1994 -0.2305
vn 0.9714 0.0385 -0.2344
vn 0.9721 0.0034 -0.2344
vn 0.9238 0.0033 -0.3829
vn 0.8910 0.0031 -0.4539
vn 0.8527 0.0024 -0.5223
vn 0.5093 0.8021 -0.3119
vn 0.5340 0.8005 -0.2720
vn 0.9238 0.0000 -0.3829
vn 0.8910 0.0000 -0.4539
vn 0.8527 0.0000 -0.5223
vn 0.9721 0.0000 -0.2344
vn 0.9410 0.3384 -0.0036
vn 0.9786 0.2057 -0.0038
vn 0.9789 0.2039 -0.0129
vn 0.9444 0.3286 -0.0121
vn 0.9993 0.0379 -0.0039
vn 0.9991 0.0408 -0.0131
vn 0.9775 0.1995 -0.0692
vn 0.9433 0.3258 -0.0642
vn 0.9968 0.0391 -0.0700
vn 0.6029 0.7978 -0.0024
vn 0.6026 0.7980 -0.0023
vn 1.0000 0.0029 -0.0039
vn 0.9999 0.0028 -0.0131
vn 0.9976 0.0034 -0.0699
vn 0.6042 0.7958 -0.0392
vn 0.6031 0.7964 -0.0450
vn 0.6069 0.7948 -0.0075
vn 0.6073 0.7944 -0.0084
vn 1.0000 0.0000 -0.0039
vn 0.9999 0.0000 -0.0131
vn 0.9976 0.0000 -0.0698
vn -0.0007 0.3361 -0.9418
vn 0.0000 0.3361 -0.9418
vn 0.0000 0.2069 -0.9784
vn -0.0007 0.2069 -0.9784
vn 0.0007 0.3361 -0.9418
vn 0.0007 0.2069 -0.9784
vn 0.0000 0.0404 -0.9992
vn -0.0007 0.0402 -0.9992
vn 0.0007 0.0402 -0.9992
vn -0.0004 0.7995 -0.6006
vn -0.0004 0.7995 -0.6007
vn -0.0000 0.8000 -0.6001
vn 0.0004 0.7995 -0.6006
vn 0.0004 0.7995 -0.6007
vn 0.0007 0.0031 -1.0000
vn 0.0000 0.0032 -1.0000
vn -0.0007 0.0032 -1.0000
vn -0.0007 0.0000 -1.0000
vn -0.0000 -0.0000 -1.0000
vn -0.0007 -0.0001 -1.0000
vn 0.0007 -0.0000 -1.0000
vn 0.0007 0.0001 -1.0000
vn -0.9444 0.3289 0.0005
vn -0.9404 0.3400 0.0000
vn -0.9775 0.2111 0.0000
vn -0.9789 0.2045 0.0005
vn -0.9444 0.3289 -0.0005
vn -0.9789 0.2045 -0.0005
vn -0.9992 0.0392 -0.0000
vn -0.9991 0.0414 0.0005
vn -0.9991 0.0414 -0.0005
vn -0.5981 0.8014 0.0003
vn -0.5984 0.8012 0.0003
vn -0.5920 0.8059 -0.0000
vn -0.5981 0.8014 -0.0003
vn -0.5984 0.8012 -0.0003
vn -1.0000 0.0030 -0.0005
vn -1.0000 0.0030 0.0005
vn -1.0000 0.0000 0.0005
vn -1.0000 0.0000 -0.0005
vn 0.0007 0.3352 0.9421
vn 0.0000 0.3361 0.9418
vn 0.0000 0.2067 0.9784
vn 0.0007 0.2063 0.9785
vn -0.0007 0.3353 0.9421
vn -0.0007 0.2066 0.9784
vn 0.0000 0.0402 0.9992
vn 0.0007 0.0402 0.9992
vn -0.0007 0.0404 0.9992
vn 0.0004 0.7995 0.6006
vn 0.0000 0.7995 0.6007
vn -0.0004 0.7993 0.6009
vn -0.0007 0.0032 1.0000
vn -0.0000 0.0033 1.0000
vn 0.0007 0.0033 1.0000
vn 0.0007 0.0001 1.0000
vn -0.0000 0.0001 1.0000
vn -0.0000 0.0000 1.0000
vn 0.0007 -0.0000 1.0000
vn -0.0007 0.0001 1.0000
vn -0.0007 0.0000 1.0000
vn -0.0000 -0.0001 1.0000
vn 0.0007 -0.0001 1.0000
vn -0.0007 -0.0001 1.0000
g QueenDiamonds_Plane.033_CardFront
usemtl CardFront
s 1
f 947/1/1 948/2/1 946/3/1 994/4/1
f 949/5/1 950/6/1 946/3/1 948/2/1
f 951/7/1 952/8/1 946/3/1 950/6/1
f 953/9/1 954/10/1 946/3/1 952/8/1
f 955/11/1 956/12/1 946/3/1 954/10/1
f 957/13/1 958/14/1 946/3/1 956/12/1
f 959/15/1 960/16/1 946/3/1 958/14/1
f 961/17/1 962/18/1 946/3/1 960/16/1
f 963/19/1 964/20/1 946/3/1 962/18/1
f 965/21/1 966/22/1 946/3/1 964/20/1
f 967/23/1 968/24/1 946/3/1 966/22/1
f 969/25/1 970/26/1 946/3/1 968/24/1
f 971/27/1 972/28/1 946/3/1 970/26/1
f 973/29/1 974/30/1 946/3/1 972/28/1
f 975/31/1 976/32/1 946/3/1 974/30/1
f 977/33/1 978/34/1 946/3/1 976/32/1
f 979/35/1 980/36/1 946/3/1 978/34/1
f 981/37/1 982/38/1 946/3/1 980/36/1
f 983/39/1 984/40/1 946/3/1 982/38/1
f 985/41/1 986/42/1 946/3/1 984/40/1
f 987/43/1 988/44/1 946/3/1 986/42/1
f 989/45/1 990/46/1 946/3/1 988/44/1
f 991/47/1 992/48/1 946/3/1 990/46/1
f 993/49/1 994/4/1 946/3/1 992/48/1
f 31/50/1 696/51/1 947/1/1 709/52/1
f 696/51/1 695/53/1 948/2/1 947/1/1
f 709/52/1 947/1/1 994/4/1 710/54/1
f 33/55/1 699/56/1 949/5/1 694/57/1
f 699/56/1 698/58/1 950/6/1 949/5/1
f 694/57/1 949/5/1 948/2/1 695/53/1
f 34/59/1 702/60/1 951/7/1 697/61/1
f 702/60/1 701/62/1 952/8/1 951/7/1
f 697/61/1 951/7/1 950/6/1 698/58/1
f 35/63/1 705/64/1 953/9/1 700/65/1
f 705/64/1 704/66/1 954/10/1 953/9/1
f 700/65/1 953/9/1 952/8/1 701/62/1
f 36/67/1 708/68/1 955/11/1 703/69/1
f 708/68/1 707/70/1 956/12/1 955/11/1
f 703/69/1 955/11/1 954/10/1 704/66/1
f 32/71/1 714/72/1 957/13/1 706/73/1
f 714/72/1 713/74/1 958/14/1 957/13/1
f 706/73/1 957/13/1 956/12/1 707/70/1
f 37/75/1 693/76/1 959/15/1 712/77/1
f 693/76/1 692/78/1 960/16/1 959/15/1
f 712/77/1 959/15/1 958/14/1 713/74/1
f 39/79/1 690/80/1 961/17/1 691/81/1
f 690/80/1 689/82/1 962/18/1 961/17/1
f 691/81/1 961/17/1 960/16/1 692/78/1
f 40/83/1 687/84/1 963/19/1 688/85/1
f 687/84/1 686/86/1 964/20/1 963/19/1
f 688/85/1 963/19/1 962/18/1 689/82/1
f 41/87/1 684/88/1 965/21/1 685/89/1
f 684/88/1 683/90/1 966/22/1 965/21/1
f 685/89/1 965/21/1 964/20/1 686/86/1
f 42/91/1 681/92/1 967/23/1 682/93/1
f 681/92/1 680/94/1 968/24/1 967/23/1
f 682/93/1 967/23/1 966/22/1 683/90/1
f 38/95/1 717/96/1 969/25/1 679/97/1
f 717/96/1 716/98/1 970/26/1 969/25/1
f 679/97/1 969/25/1 968/24/1 680/94/1
f 43/99/1 666/100/1 971/27/1 715/101/1
f 666/100/1 665/102/1 972/28/1 971/27/1
f 715/101/1 971/27/1 970/26/1 716/98/1
f 45/103/1 669/104/1 973/29/1 664/105/1
f 669/104/1 668/106/1 974/30/1 973/29/1
f 664/105/1 973/29/1 972/28/1 665/102/1
f 46/107/1 672/108/1 975/31/1 667/109/1
f 672/108/1 671/110/1 976/32/1 975/31/1
f 667/109/1 975/31/1 974/30/1 668/106/1
f 47/111/1 675/112/1 977/33/1 670/113/1
f 675/112/1 674/114/1 978/34/1 977/33/1
f 670/113/1 977/33/1 976/32/1 671/110/1
f 48/115/1 678/116/1 979/35/1 673/117/1
f 678/116/1 677/118/1 980/36/1 979/35/1
f 673/117/1 979/35/1 978/34/1 674/114/1
f 44/119/1 720/120/1 981/37/1 676/121/1
f 720/120/1 719/122/1 982/38/1 981/37/1
f 676/121/1 981/37/1 980/36/1 677/118/1
f 25/123/1 663/124/1 983/39/1 718/125/1
f 663/124/1 662/126/1 984/40/1 983/39/1
f 718/125/1 983/39/1 982/38/1 719/122/1
f 27/127/1 660/128/1 985/41/1 661/129/1
f 660/128/1 659/130/1 986/42/1 985/41/1
f 661/129/1 985/41/1 984/40/1 662/126/1
f 28/131/1 657/132/1 987/43/1 658/133/1
f 657/132/1 656/134/1 988/44/1 987/43/1
f 658/133/1 987/43/1 986/42/1 659/130/1
f 29/135/1 654/136/1 989/45/1 655/137/1
f 654/136/1 653/138/1 990/46/1 989/45/1
f 655/137/1 989/45/1 988/44/1 656/134/1
f 30/139/1 651/140/1 991/47/1 652/141/1
f 651/140/1 650/142/1 992/48/1 991/47/1
f 652/141/1 991/47/1 990/46/1 653/138/1
f 26/143/1 711/144/1 993/49/1 649/145/1
f 711/144/1 710/54/1 994/4/1 993/49/1
f 649/145/1 993/49/1 992/48/1 650/142/1
f 1683/146/2 1684/147/2 1687/148/3 1686/149/4
f 1684/147/2 1685/150/2 1688/151/4 1687/148/3
f 1686/149/4 1687/148/3 1690/152/5 1689/153/6
f 1687/148/3 1688/151/4 1691/154/7 1690/152/5
f 26/143/1 649/145/1 1683/146/2 723/155/2
f 649/145/1 650/142/1 1684/147/2 1683/146/2
f 650/142/1 651/140/1 1685/150/2 1684/147/2
f 651/140/1 30/139/1 724/156/8 1685/150/2
f 1685/150/2 724/156/8 725/157/9 1688/151/4
f 1688/151/4 725/157/9 726/158/10 1691/154/7
f 1691/154/7 726/158/10 98/159/11 153/160/12
f 1690/152/5 1691/154/7 153/160/12 152/161/13
f 1689/153/6 1690/152/5 152/161/13 151/162/14
f 721/163/15 1689/153/6 151/162/14 97/164/16
f 722/165/4 1686/149/4 1689/153/6 721/163/15
f 723/155/2 1683/146/2 1686/149/4 722/165/4
f 1692/166/17 1693/167/1 1696/168/18 1695/169/19
f 1693/167/1 1694/170/20 1697/171/4 1696/168/18
f 1695/169/19 1696/168/18 1699/172/21 1698/173/22
f 1696/168/18 1697/171/4 1700/174/23 1699/172/21
f 30/139/1 652/141/1 1692/166/17 724/156/8
f 652/141/1 653/138/1 1693/167/1 1692/166/17
f 653/138/1 654/136/1 1694/170/20 1693/167/1
f 654/136/1 29/135/1 727/175/2 1694/170/20
f 1694/170/20 727/175/2 728/176/24 1697/171/4
f 1697/171/4 728/176/24 729/177/25 1700/174/23
f 1700/174/23 729/177/25 99/178/26 162/179/27
f 1699/172/21 1700/174/23 162/179/27 161/180/28
f 1698/173/22 1699/172/21 161/180/28 160/181/29
f 726/158/10 1698/173/22 160/181/29 98/159/11
f 725/157/9 1695/169/19 1698/173/22 726/158/10
f 724/156/8 1692/166/17 1695/169/19 725/157/9
f 1701/182/17 1702/183/1 1705/184/30 1704/185/19
f 1702/183/1 1703/186/20 1706/187/31 1705/184/30
f 1704/185/19 1705/184/30 1708/188/32 1707/189/33
f 1705/184/30 1706/187/31 1709/190/34 1708/188/32
f 29/135/1 655/137/1 1701/182/17 727/175/2
f 655/137/1 656/134/1 1702/183/1 1701/182/17
f 656/134/1 657/132/1 1703/186/20 1702/183/1
f 657/132/1 28/131/1 730/191/8 1703/186/20
f 1703/186/20 730/191/8 731/192/35 1706/187/31
f 1706/187/31 731/192/35 732/193/36 1709/190/34
f 1709/190/34 732/193/36 100/194/37 171/195/38
f 1708/188/32 1709/190/34 171/195/38 170/196/39
f 1707/189/33 1708/188/32 170/196/39 169/197/40
f 729/177/25 1707/189/33 169/197/40 99/178/26
f 728/176/24 1704/185/19 1707/189/33 729/177/25
f 727/175/2 1701/182/17 1704/185/19 728/176/24
f 1710/198/17 1711/199/1 1714/200/41 1713/201/42
f 1711/199/1 1712/202/20 1715/203/43 1714/200/41
f 1713/201/42 1714/200/41 1717/204/44 1716/205/45
f 1714/200/41 1715/203/43 1718/206/46 1717/204/44
f 28/131/1 658/133/1 1710/198/17 730/191/8
f 658/133/1 659/130/1 1711/199/1 1710/198/17
f 659/130/1 660/128/1 1712/202/20 1711/199/1
f 660/128/1 27/127/1 733/207/2 1712/202/20
f 1712/202/20 733/207/2 734/208/47 1715/203/43
f 1715/203/43 734/208/47 735/209/48 1718/206/46
f 1718/206/46 735/209/48 101/210/49 180/211/50
f 1717/204/44 1718/206/46 180/211/50 179/212/51
f 1716/205/45 1717/204/44 179/212/51 178/213/52
f 732/193/36 1716/205/45 178/213/52 100/194/37
f 731/192/35 1713/201/42 1716/205/45 732/193/36
f 730/191/8 1710/198/17 1713/201/42 731/192/35
f 1719/214/8 1720/215/1 1723/216/19 1722/217/53
f 1720/215/1 1721/218/8 1724/219/19 1723/216/19
f 1722/217/53 1723/216/19 1726/220/54 1725/221/55
f 1723/216/19 1724/219/19 1727/222/56 1726/220/54
f 27/127/1 661/129/1 1719/214/8 733/207/2
f 661/129/1 662/126/1 1720/215/1 1719/214/8
f 662/126/1 663/124/1 1721/218/8 1720/215/1
f 663/124/1 25/123/1 736/223/8 1721/218/8
f 1721/218/8 736/223/8 737/224/19 1724/219/19
f 1724/219/19 737/224/19 738/225/57 1727/222/56
f 1727/222/56 738/225/57 102/226/58 189/227/59
f 1726/220/54 1727/222/56 189/227/59 188/228/60
f 1725/221/55 1726/220/54 188/228/60 187/229/61
f 735/209/48 1725/221/55 187/229/61 101/210/49
f 734/208/47 1722/217/53 1725/221/55 735/209/48
f 733/207/2 1719/214/8 1722/217/53 734/208/47
f 1728/230/62 1729/231/62 1732/232/63 1731/233/64
f 1729/231/62 1730/234/62 1733/235/64 1732/232/63
f 1731/233/64 1732/232/63 1735/236/65 1734/237/66
f 1732/232/63 1733/235/64 1736/238/67 1735/236/65
f 45/103/1 664/105/1 1728/230/62 741/239/8
f 664/105/1 665/102/1 1729/231/62 1728/230/62
f 665/102/1 666/100/1 1730/234/62 1729/231/62
f 666/100/1 43/99/1 742/240/62 1730/234/62
f 1730/234/62 742/240/62 743/241/64 1733/235/64
f 1733/235/64 743/241/64 744/242/68 1736/238/67
f 1736/238/67 744/242/68 104/243/69 195/244/70
f 1735/236/65 1736/238/67 195/244/70 194/245/71
f 1734/237/66 1735/236/65 194/245/71 193/246/72
f 739/247/73 1734/237/66 193/246/72 103/248/74
f 740/249/75 1731/233/64 1734/237/66 739/247/73
f 741/239/8 1728/230/62 1731/233/64 740/249/75
f 1737/250/76 1738/251/1 1741/252/77 1740/253/64
f 1738/251/1 1739/254/30 1742/255/19 1741/252/77
f 1740/253/64 1741/252/77 1744/256/78 1743/257/79
f 1741/252/77 1742/255/19 1745/258/80 1744/256/78
f 46/107/1 667/109/1 1737/250/76 747/259/62
f 667/109/1 668/106/1 1738/251/1 1737/250/76
f 668/106/1 669/104/1 1739/254/30 1738/251/1
f 669/104/1 45/103/1 741/239/8 1739/254/30
f 1739/254/30 741/239/8 740/249/75 1742/255/19
f 1742/255/19 740/249/75 739/247/73 1745/258/80
f 1745/258/80 739/247/73 103/248/74 207/260/81
f 1744/256/78 1745/258/80 207/260/81 206/261/82
f 1743/257/79 1744/256/78 206/261/82 205/262/83
f 745/263/84 1743/257/79 205/262/83 105/264/85
f 746/265/86 1740/253/64 1743/257/79 745/263/84
f 747/259/62 1737/250/76 1740/253/64 746/265/86
f 1746/266/76 1747/267/1 1750/268/17 1749/269/87
f 1747/267/1 1748/270/30 1751/271/19 1750/268/17
f 1749/269/87 1750/268/17 1753/272/88 1752/273/89
f 1750/268/17 1751/271/19 1754/274/90 1753/272/88
f 47/111/1 670/113/1 1746/266/76 750/275/8
f 670/113/1 671/110/1 1747/267/1 1746/266/76
f 671/110/1 672/108/1 1748/270/30 1747/267/1
f 672/108/1 46/107/1 747/259/62 1748/270/30
f 1748/270/30 747/259/62 746/265/86 1751/271/19
f 1751/271/19 746/265/86 745/263/84 1754/274/90
f 1754/274/90 745/263/84 105/264/85 216/276/91
f 1753/272/88 1754/274/90 216/276/91 215/277/92
f 1752/273/89 1753/272/88 215/277/92 214/278/93
f 748/279/94 1752/273/89 214/278/93 106/280/95
f 749/281/96 1749/269/87 1752/273/89 748/279/94
f 750/275/8 1746/266/76 1749/269/87 749/281/96
f 1755/282/76 1756/283/1 1759/284/97 1758/285/98
f 1756/283/1 1757/286/30 1760/287/99 1759/284/97
f 1758/285/98 1759/284/97 1762/288/100 1761/289/101
f 1759/284/97 1760/287/99 1763/290/102 1762/288/100
f 48/115/1 673/117/1 1755/282/76 753/291/62
f 673/117/1 674/114/1 1756/283/1 1755/282/76
f 674/114/1 675/112/1 1757/286/30 1756/283/1
f 675/112/1 47/111/1 750/275/8 1757/286/30
f 1757/286/30 750/275/8 749/281/96 1760/287/99
f 1760/287/99 749/281/96 748/279/94 1763/290/102
f 1763/290/102 748/279/94 106/280/95 225/292/103
f 1762/288/100 1763/290/102 225/292/103 224/293/104
f 1761/289/101 1762/288/100 224/293/104 223/294/105
f 751/295/106 1761/289/101 223/294/105 107/296/107
f 752/297/108 1758/285/98 1761/289/101 751/295/106
f 753/291/62 1755/282/76 1758/285/98 752/297/108
f 1764/298/8 1765/299/1 1768/300/19 1767/301/19
f 1765/299/1 1766/302/8 1769/303/109 1768/300/19
f 1767/301/19 1768/300/19 1771/304/110 1770/305/56
f 1768/300/19 1769/303/109 1772/306/111 1771/304/110
f 44/119/1 676/121/1 1764/298/8 756/307/8
f 676/121/1 677/118/1 1765/299/1 1764/298/8
f 677/118/1 678/116/1 1766/302/8 1765/299/1
f 678/116/1 48/115/1 753/291/62 1766/302/8
f 1766/302/8 753/291/62 752/297/108 1769/303/109
f 1769/303/109 752/297/108 751/295/106 1772/306/111
f 1772/306/111 751/295/106 107/296/107 234/308/112
f 1771/304/110 1772/306/111 234/308/112 233/309/113
f 1770/305/56 1771/304/110 233/309/113 232/310/114
f 754/311/57 1770/305/56 232/310/114 108/312/58
f 755/313/19 1767/301/19 1770/305/56 754/311/57
f 756/307/8 1764/298/8 1767/301/19 755/313/19
f 1773/314/62 1774/315/62 1777/316/63 1776/317/64
f 1774/315/62 1775/318/62 1778/319/64 1777/316/63
f 1776/317/64 1777/316/63 1780/320/65 1779/321/67
f 1777/316/63 1778/319/64 1781/322/115 1780/320/65
f 38/95/1 679/97/1 1773/314/62 759/323/62
f 679/97/1 680/94/1 1774/315/62 1773/314/62
f 680/94/1 681/92/1 1775/318/62 1774/315/62
f 681/92/1 42/91/1 760/324/116 1775/318/62
f 1775/318/62 760/324/116 761/325/117 1778/319/64
f 1778/319/64 761/325/117 762/326/118 1781/322/115
f 1781/322/115 762/326/118 110/327/119 249/328/120
f 1780/320/65 1781/322/115 249/328/120 248/329/121
f 1779/321/67 1780/320/65 248/329/121 247/330/122
f 757/331/68 1779/321/67 247/330/122 109/332/69
f 758/333/64 1776/317/64 1779/321/67 757/331/68
f 759/323/62 1773/314/62 1776/317/64 758/333/64
f 1782/334/123 1783/335/1 1786/336/76 1785/337/124
f 1783/335/1 1784/338/77 1787/339/64 1786/336/76
f 1785/337/124 1786/336/76 1789/340/125 1788/341/126
f 1786/336/76 1787/339/64 1790/342/127 1789/340/125
f 42/91/1 682/93/1 1782/334/123 760/324/116
f 682/93/1 683/90/1 1783/335/1 1782/334/123
f 683/90/1 684/88/1 1784/338/77 1783/335/1
f 684/88/1 41/87/1 763/343/62 1784/338/77
f 1784/338/77 763/343/62 764/344/128 1787/339/64
f 1787/339/64 764/344/128 765/345/129 1790/342/127
f 1790/342/127 765/345/129 111/346/130 258/347/131
f 1789/340/125 1790/342/127 258/347/131 257/348/132
f 1788/341/126 1789/340/125 257/348/132 256/349/133
f 762/326/118 1788/341/126 256/349/133 110/327/119
f 761/325/117 1785/337/124 1788/341/126 762/326/118
f 760/324/116 1782/334/123 1785/337/124 761/325/117
f 1791/350/123 1792/351/1 1795/352/134 1794/353/124
f 1792/351/1 1793/354/77 1796/355/135 1795/352/134
f 1794/353/124 1795/352/134 1798/356/136 1797/357/137
f 1795/352/134 1796/355/135 1799/358/138 1798/356/136
f 41/87/1 685/89/1 1791/350/123 763/343/62
f 685/89/1 686/86/1 1792/351/1 1791/350/123
f 686/86/1 687/84/1 1793/354/77 1792/351/1
f 687/84/1 40/83/1 766/359/116 1793/354/77
f 1793/354/77 766/359/116 767/360/139 1796/355/135
f 1796/355/135 767/360/139 768/361/140 1799/358/138
f 1799/358/138 768/361/140 112/362/141 267/363/142
f 1798/356/136 1799/358/138 267/363/142 266/364/143
f 1797/357/137 1798/356/136 266/364/143 265/365/144
f 765/345/129 1797/357/137 265/365/144 111/346/130
f 764/344/128 1794/353/124 1797/357/137 765/345/129
f 763/343/62 1791/350/123 1794/353/124 764/344/128
f 1800/366/123 1801/367/1 1804/368/145 1803/369/146
f 1801/367/1 1802/370/77 1805/371/147 1804/368/145
f 1803/369/146 1804/368/145 1807/372/148 1806/373/149
f 1804/368/145 1805/371/147 1808/374/150 1807/372/148
f 40/83/1 688/85/1 1800/366/123 766/359/116
f 688/85/1 689/82/1 1801/367/1 1800/366/123
f 689/82/1 690/80/1 1802/370/77 1801/367/1
f 690/80/1 39/79/1 769/375/62 1802/370/77
f 1802/370/77 769/375/62 770/376/151 1805/371/147
f 1805/371/147 770/376/151 771/377/152 1808/374/150
f 1808/374/150 771/377/152 113/378/153 276/379/154
f 1807/372/148 1808/374/150 276/379/154 275/380/155
f 1806/373/149 1807/372/148 275/380/155 274/381/156
f 768/361/140 1806/373/149 274/381/156 112/362/141
f 767/360/139 1803/369/146 1806/373/149 768/361/140
f 766/359/116 1800/366/123 1803/369/146 767/360/139
f 1809/382/116 1810/383/1 1813/384/124 1812/385/157
f 1810/383/1 1811/386/116 1814/387/124 1813/384/124
f 1812/385/157 1813/384/124 1816/388/158 1815/389/159
f 1813/384/124 1814/387/124 1817/390/160 1816/388/158
f 39/79/1 691/81/1 1809/382/116 769/375/62
f 691/81/1 692/78/1 1810/383/1 1809/382/116
f 692/78/1 693/76/1 1811/386/116 1810/383/1
f 693/76/1 37/75/1 772/391/116 1811/386/116
f 1811/386/116 772/391/116 773/392/124 1814/387/124
f 1814/387/124 773/392/124 774/393/161 1817/390/160
f 1817/390/160 774/393/161 114/394/162 285/395/163
f 1816/388/158 1817/390/160 285/395/163 284/396/164
f 1815/389/159 1816/388/158 284/396/164 283/397/165
f 771/377/152 1815/389/159 283/397/165 113/378/153
f 770/376/151 1812/385/157 1815/389/159 771/377/152
f 769/375/62 1809/382/116 1812/385/157 770/376/151
f 1818/398/2 1819/399/2 1822/400/3 1821/401/4
f 1819/399/2 1820/402/2 1823/403/4 1822/400/3
f 1821/401/4 1822/400/3 1825/404/5 1824/405/166
f 1822/400/3 1823/403/4 1826/406/6 1825/404/5
f 33/55/1 694/57/1 1818/398/2 777/407/116
f 694/57/1 695/53/1 1819/399/2 1818/398/2
f 695/53/1 696/51/1 1820/402/2 1819/399/2
f 696/51/1 31/50/1 778/408/2 1820/402/2
f 1820/402/2 778/408/2 779/409/4 1823/403/4
f 1823/403/4 779/409/4 780/410/15 1826/406/6
f 1826/406/6 780/410/15 116/411/16 291/412/167
f 1825/404/5 1826/406/6 291/412/167 290/413/168
f 1824/405/166 1825/404/5 290/413/168 289/414/169
f 775/415/170 1824/405/166 289/414/169 115/416/171
f 776/417/172 1821/401/4 1824/405/166 775/415/170
f 777/407/116 1818/398/2 1821/401/4 776/417/172
f 1827/418/18 1828/419/1 1831/420/20 1830/421/4
f 1828/419/1 1829/422/134 1832/423/124 1831/420/20
f 1830/421/4 1831/420/20 1834/424/173 1833/425/174
f 1831/420/20 1832/423/124 1835/426/175 1834/424/173
f 34/59/1 697/61/1 1827/418/18 783/427/2
f 697/61/1 698/58/1 1828/419/1 1827/418/18
f 698/58/1 699/56/1 1829/422/134 1828/419/1
f 699/56/1 33/55/1 777/407/116 1829/422/134
f 1829/422/134 777/407/116 776/417/172 1832/423/124
f 1832/423/124 776/417/172 775/415/170 1835/426/175
f 1835/426/175 775/415/170 115/416/171 303/428/176
f 1834/424/173 1835/426/175 303/428/176 302/429/177
f 1833/425/174 1834/424/173 302/429/177 301/430/178
f 781/431/179 1833/425/174 301/430/178 117/432/180
f 782/433/181 1830/421/4 1833/425/174 781/431/179
f 783/427/2 1827/418/18 1830/421/4 782/433/181
f 1836/434/18 1837/435/1 1840/436/123 1839/437/182
f 1837/435/1 1838/438/134 1841/439/124 1840/436/123
f 1839/437/182 1840/436/123 1843/440/183 1842/441/184
f 1840/436/123 1841/439/124 1844/442/185 1843/440/183
f 35/63/1 700/65/1 1836/434/18 786/443/116
f 700/65/1 701/62/1 1837/435/1 1836/434/18
f 701/62/1 702/60/1 1838/438/134 1837/435/1
f 702/60/1 34/59/1 783/427/2 1838/438/134
f 1838/438/134 783/427/2 782/433/181 1841/439/124
f 1841/439/124 782/433/181 781/431/179 1844/442/185
f 1844/442/185 781/431/179 117/432/180 312/444/186
f 1843/440/183 1844/442/185 312/444/186 311/445/187
f 1842/441/184 1843/440/183 311/445/187 310/446/188
f 784/447/189 1842/441/184 310/446/188 118/448/190
f 785/449/191 1839/437/182 1842/441/184 784/447/189
f 786/443/116 1836/434/18 1839/437/182 785/449/191
f 1845/450/18 1846/451/1 1849/452/192 1848/453/193
f 1846/451/1 1847/454/134 1850/455/194 1849/452/192
f 1848/453/193 1849/452/192 1852/456/195 1851/457/196
f 1849/452/192 1850/455/194 1853/458/197 1852/456/195
f 36/67/1 703/69/1 1845/450/18 789/459/2
f 703/69/1 704/66/1 1846/451/1 1845/450/18
f 704/66/1 705/64/1 1847/454/134 1846/451/1
f 705/64/1 35/63/1 786/443/116 1847/454/134
f 1847/454/134 786/443/116 785/449/191 1850/455/194
f 1850/455/194 785/449/191 784/447/189 1853/458/197
f 1853/458/197 784/447/189 118/448/190 321/460/198
f 1852/456/195 1853/458/197 321/460/198 320/461/199
f 1851/457/196 1852/456/195 320/461/199 319/462/200
f 787/463/201 1851/457/196 319/462/200 119/464/202
f 788/465/203 1848/453/193 1851/457/196 787/463/201
f 789/459/2 1845/450/18 1848/453/193 788/465/203
f 1854/466/116 1855/467/1 1858/468/124 1857/469/124
f 1855/467/1 1856/470/116 1859/471/204 1858/468/124
f 1857/469/124 1858/468/124 1861/472/205 1860/473/160
f 1858/468/124 1859/471/204 1862/474/206 1861/472/205
f 32/71/1 706/73/1 1854/466/116 792/475/116
f 706/73/1 707/70/1 1855/467/1 1854/466/116
f 707/70/1 708/68/1 1856/470/116 1855/467/1
f 708/68/1 36/67/1 789/459/2 1856/470/116
f 1856/470/116 789/459/2 788/465/203 1859/471/204
f 1859/471/204 788/465/203 787/463/201 1862/474/206
f 1862/474/206 787/463/201 119/464/202 330/476/207
f 1861/472/205 1862/474/206 330/476/207 329/477/208
f 1860/473/160 1861/472/205 329/477/208 328/478/209
f 790/479/161 1860/473/160 328/478/209 120/480/162
f 791/481/124 1857/469/124 1860/473/160 790/479/161
f 792/475/116 1854/466/116 1857/469/124 791/481/124
f 1863/482/2 1864/483/2 1867/484/3 1866/485/4
f 1864/483/2 1865/486/2 1868/487/4 1867/484/3
f 1866/485/4 1867/484/3 1870/488/5 1869/489/210
f 1867/484/3 1868/487/4 1871/490/210 1870/488/5
f 31/50/1 709/52/1 1863/482/2 778/408/2
f 709/52/1 710/54/1 1864/483/2 1863/482/2
f 710/54/1 711/144/1 1865/486/2 1864/483/2
f 711/144/1 26/143/1 723/155/2 1865/486/2
f 1865/486/2 723/155/2 722/165/4 1868/487/4
f 1868/487/4 722/165/4 721/163/15 1871/490/210
f 1871/490/210 721/163/15 97/164/16 342/491/211
f 1870/488/5 1871/490/210 342/491/211 341/492/212
f 1869/489/210 1870/488/5 341/492/212 340/493/211
f 780/410/15 1869/489/210 340/493/211 116/411/16
f 779/409/4 1866/485/4 1869/489/210 780/410/15
f 778/408/2 1863/482/2 1866/485/4 779/409/4
f 1872/494/116 1873/495/1 1876/496/124 1875/497/124
f 1873/495/1 1874/498/116 1877/499/124 1876/496/124
f 1875/497/124 1876/496/124 1879/500/213 1878/501/214
f 1876/496/124 1877/499/124 1880/502/214 1879/500/213
f 37/75/1 712/77/1 1872/494/116 772/391/116
f 712/77/1 713/74/1 1873/495/1 1872/494/116
f 713/74/1 714/72/1 1874/498/116 1873/495/1
f 714/72/1 32/71/1 792/475/116 1874/498/116
f 1874/498/116 792/475/116 791/481/124 1877/499/124
f 1877/499/124 791/481/124 790/479/161 1880/502/214
f 1880/502/214 790/479/161 120/480/162 354/503/215
f 1879/500/213 1880/502/214 354/503/215 353/504/216
f 1878/501/214 1879/500/213 353/504/216 352/505/215
f 774/393/161 1878/501/214 352/505/215 114/394/162
f 773/392/124 1875/497/124 1878/501/214 774/393/161
f 772/391/116 1872/494/116 1875/497/124 773/392/124
f 1881/506/62 1882/507/62 1885/508/63 1884/509/64
f 1882/507/62 1883/510/62 1886/511/64 1885/508/63
f 1884/509/64 1885/508/63 1888/512/65 1887/513/217
f 1885/508/63 1886/511/64 1889/514/217 1888/512/65
f 43/99/1 715/101/1 1881/506/62 742/240/62
f 715/101/1 716/98/1 1882/507/62 1881/506/62
f 716/98/1 717/96/1 1883/510/62 1882/507/62
f 717/96/1 38/95/1 759/323/62 1883/510/62
f 1883/510/62 759/323/62 758/333/64 1886/511/64
f 1886/511/64 758/333/64 757/331/68 1889/514/217
f 1889/514/217 757/331/68 109/332/69 357/515/218
f 1888/512/65 1889/514/217 357/515/218 356/516/219
f 1887/513/217 1888/512/65 356/516/219 355/517/218
f 744/242/68 1887/513/217 355/517/218 104/243/69
f 743/241/64 1884/509/64 1887/513/217 744/242/68
f 742/240/62 1881/506/62 1884/509/64 743/241/64
f 1890/518/8 1891/519/1 1894/520/19 1893/521/19
f 1891/519/1 1892/522/8 1895/523/19 1894/520/19
f 1893/521/19 1894/520/19 1897/524/220 1896/525/221
f 1894/520/19 1895/523/19 1898/526/221 1897/524/220
f 25/123/1 718/125/1 1890/518/8 736/223/8
f 718/125/1 719/122/1 1891/519/1 1890/518/8
f 719/122/1 720/120/1 1892/522/8 1891/519/1
f 720/120/1 44/119/1 756/307/8 1892/522/8
f 1892/522/8 756/307/8 755/313/19 1895/523/19
f 1895/523/19 755/313/19 754/311/57 1898/526/221
f 1898/526/221 754/311/57 108/312/58 360/527/222
f 1897/524/220 1898/526/221 360/527/222 359/528/223
f 1896/525/221 1897/524/220 359/528/223 358/529/222
f 738/225/57 1896/525/221 358/529/222 102/226/58
f 737/224/19 1893/521/19 1896/525/221 738/225/57
f 736/223/8 1890/518/8 1893/521/19 737/224/19
g QueenDiamonds_Plane.033_CardBackBlue
usemtl CardBackBlue
f 1014/530/224 1015/531/224 1013/532/224 1061/533/224
f 1016/534/224 1017/535/224 1013/532/224 1015/531/224
f 1018/536/224 1019/537/224 1013/532/224 1017/535/224
f 1020/538/224 1021/539/224 1013/532/224 1019/537/224
f 1022/540/224 1023/541/224 1013/532/224 1021/539/224
f 1024/542/224 1025/543/224 1013/532/224 1023/541/224
f 1026/544/224 1027/545/224 1013/532/224 1025/543/224
f 1028/546/224 1029/547/224 1013/532/224 1027/545/224
f 1030/548/224 1031/549/224 1013/532/224 1029/547/224
f 1032/550/224 1033/551/224 1013/532/224 1031/549/224
f 1034/552/224 1035/553/224 1013/532/224 1033/551/224
f 1036/554/224 1037/555/224 1013/532/224 1035/553/224
f 1038/556/224 1039/557/224 1013/532/224 1037/555/224
f 1040/558/224 1041/559/224 1013/532/224 1039/557/224
f 1042/560/224 1043/561/224 1013/532/224 1041/559/224
f 1044/562/224 1045/563/224 1013/532/224 1043/561/224
f 1046/564/224 1047/565/224 1013/532/224 1045/563/224
f 1048/566/224 1049/567/224 1013/532/224 1047/565/224
f 1050/568/224 1051/569/224 1013/532/224 1049/567/224
f 1052/570/224 1053/571/224 1013/532/224 1051/569/224
f 1054/572/224 1055/573/224 1013/532/224 1053/571/224
f 1056/574/224 1057/575/224 1013/532/224 1055/573/224
f 1058/576/224 1059/577/224 1013/532/224 1057/575/224
f 1060/578/224 1061/533/224 1013/532/224 1059/577/224
f 1/579/224 852/580/224 1014/530/224 858/581/224
f 852/580/224 851/582/224 1015/531/224 1014/530/224
f 858/581/224 1014/530/224 1061/533/224 857/583/224
f 3/584/224 849/585/224 1016/534/224 850/586/224
f 849/585/224 848/587/224 1017/535/224 1016/534/224
f 850/586/224 1016/534/224 1015/531/224 851/582/224
f 4/588/224 846/589/224 1018/536/224 847/590/224
f 846/589/224 845/591/224 1019/537/224 1018/536/224
f 847/590/224 1018/536/224 1017/535/224 848/587/224
f 5/592/224 843/593/224 1020/538/224 844/594/224
f 843/593/224 842/595/224 1021/539/224 1020/538/224
f 844/594/224 1020/538/224 1019/537/224 845/591/224
f 6/596/224 840/597/224 1022/540/224 841/598/224
f 840/597/224 839/599/224 1023/541/224 1022/540/224
f 841/598/224 1022/540/224 1021/539/224 842/595/224
f 2/600/224 855/601/224 1024/542/224 838/602/224
f 855/601/224 854/603/224 1025/543/224 1024/542/224
f 838/602/224 1024/542/224 1023/541/224 839/599/224
f 13/604/224 795/605/224 1026/544/224 853/606/224
f 795/605/224 794/607/224 1027/545/224 1026/544/224
f 853/606/224 1026/544/224 1025/543/224 854/603/224
f 15/608/224 798/609/224 1028/546/224 793/610/224
f 798/609/224 797/611/224 1029/547/224 1028/546/224
f 793/610/224 1028/546/224 1027/545/224 794/607/224
f 16/612/224 801/613/224 1030/548/224 796/614/224
f 801/613/224 800/615/224 1031/549/224 1030/548/224
f 796/614/224 1030/548/224 1029/547/224 797/611/224
f 17/616/224 804/617/224 1032/550/224 799/618/224
f 804/617/224 803/619/224 1033/551/224 1032/550/224
f 799/618/224 1032/550/224 1031/549/224 800/615/224
f 18/620/224 807/621/224 1034/552/224 802/622/224
f 807/621/224 806/623/224 1035/553/224 1034/552/224
f 802/622/224 1034/552/224 1033/551/224 803/619/224
f 14/624/224 859/625/224 1036/554/224 805/626/224
f 859/625/224 860/627/224 1037/555/224 1036/554/224
f 805/626/224 1036/554/224 1035/553/224 806/623/224
f 19/628/224 822/629/224 1038/556/224 861/630/224
f 822/629/224 821/631/224 1039/557/224 1038/556/224
f 861/630/224 1038/556/224 1037/555/224 860/627/224
f 21/632/224 819/633/224 1040/558/224 820/634/224
f 819/633/224 818/635/224 1041/559/224 1040/558/224
f 820/634/224 1040/558/224 1039/557/224 821/631/224
f 22/636/224 816/637/224 1042/560/224 817/638/224
f 816/637/224 815/639/224 1043/561/224 1042/560/224
f 817/638/224 1042/560/224 1041/559/224 818/635/224
f 23/640/224 813/641/224 1044/562/224 814/642/224
f 813/641/224 812/643/224 1045/563/224 1044/562/224
f 814/642/224 1044/562/224 1043/561/224 815/639/224
f 24/644/224 810/645/224 1046/564/224 811/646/224
f 810/645/224 809/647/224 1047/565/224 1046/564/224
f 811/646/224 1046/564/224 1045/563/224 812/643/224
f 20/648/224 862/649/224 1048/566/224 808/650/224
f 862/649/224 863/651/224 1049/567/224 1048/566/224
f 808/650/224 1048/566/224 1047/565/224 809/647/224
f 7/652/224 825/653/224 1050/568/224 864/654/224
f 825/653/224 824/655/224 1051/569/224 1050/568/224
f 864/654/224 1050/568/224 1049/567/224 863/651/224
f 9/656/224 828/657/224 1052/570/224 823/658/224
f 828/657/224 827/659/224 1053/571/224 1052/570/224
f 823/658/224 1052/570/224 1051/569/224 824/655/224
f 10/660/224 831/661/224 1054/572/224 826/662/224
f 831/661/224 830/663/224 1055/573/224 1054/572/224
f 826/662/224 1054/572/224 1053/571/224 827/659/224
f 11/664/224 834/665/224 1056/574/224 829/666/224
f 834/665/224 833/667/224 1057/575/224 1056/574/224
f 829/666/224 1056/574/224 1055/573/224 830/663/224
f 12/668/224 837/669/224 1058/576/224 832/670/224
f 837/669/224 836/671/224 1059/577/224 1058/576/224
f 832/670/224 1058/576/224 1057/575/224 833/667/224
f 8/672/224 856/673/224 1060/578/224 835/674/224
f 856/673/224 857/583/224 1061/533/224 1060/578/224
f 835/674/224 1060/578/224 1059/577/224 836/671/224
f 1899/675/225 1900/676/225 1903/677/226 1902/678/227
f 1900/676/225 1901/679/225 1904/680/227 1903/677/226
f 1902/678/227 1903/677/226 1906/681/228 1905/682/229
f 1903/677/226 1904/680/227 1907/683/230 1906/681/228
f 15/608/224 793/610/224 1899/675/225 867/684/231
f 793/610/224 794/607/224 1900/676/225 1899/675/225
f 794/607/224 795/605/224 1901/679/225 1900/676/225
f 795/605/224 13/604/224 868/685/225 1901/679/225
f 1901/679/225 868/685/225 869/686/227 1904/680/227
f 1904/680/227 869/686/227 870/687/232 1907/683/230
f 1907/683/230 870/687/232 122/688/233 147/689/234
f 1906/681/228 1907/683/230 147/689/234 146/690/235
f 1905/682/229 1906/681/228 146/690/235 145/691/236
f 865/692/237 1905/682/229 145/691/236 121/693/238
f 866/694/239 1902/678/227 1905/682/229 865/692/237
f 867/684/231 1899/675/225 1902/678/227 866/694/239
f 1908/695/240 1909/696/224 1912/697/241 1911/698/227
f 1909/696/224 1910/699/242 1913/700/243 1912/697/241
f 1911/698/227 1912/697/241 1915/701/244 1914/702/245
f 1912/697/241 1913/700/243 1916/703/246 1915/701/244
f 16/612/224 796/614/224 1908/695/240 873/704/225
f 796/614/224 797/611/224 1909/696/224 1908/695/240
f 797/611/224 798/609/224 1910/699/242 1909/696/224
f 798/609/224 15/608/224 867/684/231 1910/699/242
f 1910/699/242 867/684/231 866/694/239 1913/700/243
f 1913/700/243 866/694/239 865/692/237 1916/703/246
f 1916/703/246 865/692/237 121/693/238 159/705/247
f 1915/701/244 1916/703/246 159/705/247 158/706/248
f 1914/702/245 1915/701/244 158/706/248 157/707/249
f 871/708/250 1914/702/245 157/707/249 123/709/251
f 872/710/252 1911/698/227 1914/702/245 871/708/250
f 873/704/225 1908/695/240 1911/698/227 872/710/252
f 1917/711/240 1918/712/224 1921/713/253 1920/714/254
f 1918/712/224 1919/715/242 1922/716/243 1921/713/253
f 1920/714/254 1921/713/253 1924/717/255 1923/718/256
f 1921/713/253 1922/716/243 1925/719/257 1924/717/255
f 17/616/224 799/618/224 1917/711/240 876/720/231
f 799/618/224 800/615/224 1918/712/224 1917/711/240
f 800/615/224 801/613/224 1919/715/242 1918/712/224
f 801/613/224 16/612/224 873/704/225 1919/715/242
f 1919/715/242 873/704/225 872/710/252 1922/716/243
f 1922/716/243 872/710/252 871/708/250 1925/719/257
f 1925/719/257 871/708/250 123/709/251 168/721/258
f 1924/717/255 1925/719/257 168/721/258 167/722/259
f 1923/718/256 1924/717/255 167/722/259 166/723/260
f 874/724/261 1923/718/256 166/723/260 124/725/262
f 875/726/263 1920/714/254 1923/718/256 874/724/261
f 876/720/231 1917/711/240 1920/714/254 875/726/263
f 1926/727/240 1927/728/224 1930/729/264 1929/730/265
f 1927/728/224 1928/731/242 1931/732/266 1930/729/264
f 1929/730/265 1930/729/264 1933/733/267 1932/734/268
f 1930/729/264 1931/732/266 1934/735/269 1933/733/267
f 18/620/224 802/622/224 1926/727/240 879/736/225
f 802/622/224 803/619/224 1927/728/224 1926/727/240
f 803/619/224 804/617/224 1928/731/242 1927/728/224
f 804/617/224 17/616/224 876/720/231 1928/731/242
f 1928/731/242 876/720/231 875/726/263 1931/732/266
f 1931/732/266 875/726/263 874/724/261 1934/735/269
f 1934/735/269 874/724/261 124/725/262 177/737/270
f 1933/733/267 1934/735/269 177/737/270 176/738/271
f 1932/734/268 1933/733/267 176/738/271 175/739/272
f 877/740/273 1932/734/268 175/739/272 125/741/274
f 878/742/275 1929/730/265 1932/734/268 877/740/273
f 879/736/225 1926/727/240 1929/730/265 878/742/275
f 1935/743/231 1936/744/224 1939/745/243 1938/746/243
f 1936/744/224 1937/747/231 1940/748/276 1939/745/243
f 1938/746/243 1939/745/243 1942/749/277 1941/750/278
f 1939/745/243 1940/748/276 1943/751/279 1942/749/277
f 14/624/224 805/626/224 1935/743/231 882/752/231
f 805/626/224 806/623/224 1936/744/224 1935/743/231
f 806/623/224 807/621/224 1937/747/231 1936/744/224
f 807/621/224 18/620/224 879/736/225 1937/747/231
f 1937/747/231 879/736/225 878/742/275 1940/748/276
f 1940/748/276 878/742/275 877/740/273 1943/751/279
f 1943/751/279 877/740/273 125/741/274 186/753/280
f 1942/749/277 1943/751/279 186/753/280 185/754/281
f 1941/750/278 1942/749/277 185/754/281 184/755/282
f 880/756/283 1941/750/278 184/755/282 126/757/284
f 881/758/243 1938/746/243 1941/750/278 880/756/283
f 882/752/231 1935/743/231 1938/746/243 881/758/243
f 1944/759/285 1945/760/285 1948/761/286 1947/762/287
f 1945/760/285 1946/763/285 1949/764/287 1948/761/286
f 1947/762/287 1948/761/286 1951/765/288 1950/766/289
f 1948/761/286 1949/764/287 1952/767/290 1951/765/288
f 20/648/224 808/650/224 1944/759/285 885/768/285
f 808/650/224 809/647/224 1945/760/285 1944/759/285
f 809/647/224 810/645/224 1946/763/285 1945/760/285
f 810/645/224 24/644/224 886/769/231 1946/763/285
f 1946/763/285 886/769/231 887/770/291 1949/764/287
f 1949/764/287 887/770/291 888/771/292 1952/767/290
f 1952/767/290 888/771/292 128/772/293 201/773/294
f 1951/765/288 1952/767/290 201/773/294 200/774/295
f 1950/766/289 1951/765/288 200/774/295 199/775/296
f 883/776/297 1950/766/289 199/775/296 127/777/298
f 884/778/287 1947/762/287 1950/766/289 883/776/297
f 885/768/285 1944/759/285 1947/762/287 884/778/287
f 1953/779/253 1954/780/224 1957/781/299 1956/782/243
f 1954/780/224 1955/783/300 1958/784/287 1957/781/299
f 1956/782/243 1957/781/299 1960/785/301 1959/786/302
f 1957/781/299 1958/784/287 1961/787/303 1960/785/301
f 24/644/224 811/646/224 1953/779/253 886/769/231
f 811/646/224 812/643/224 1954/780/224 1953/779/253
f 812/643/224 813/641/224 1955/783/300 1954/780/224
f 813/641/224 23/640/224 889/788/285 1955/783/300
f 1955/783/300 889/788/285 890/789/304 1958/784/287
f 1958/784/287 890/789/304 891/790/305 1961/787/303
f 1961/787/303 891/790/305 129/791/306 210/792/307
f 1960/785/301 1961/787/303 210/792/307 209/793/308
f 1959/786/302 1960/785/301 209/793/308 208/794/309
f 888/771/292 1959/786/302 208/794/309 128/772/293
f 887/770/291 1956/782/243 1959/786/302 888/771/292
f 886/769/231 1953/779/253 1956/782/243 887/770/291
f 1962/795/253 1963/796/224 1966/797/242 1965/798/243
f 1963/796/224 1964/799/300 1967/800/310 1966/797/242
f 1965/798/243 1966/797/242 1969/801/311 1968/802/312
f 1966/797/242 1967/800/310 1970/803/313 1969/801/311
f 23/640/224 814/642/224 1962/795/253 889/788/285
f 814/642/224 815/639/224 1963/796/224 1962/795/253
f 815/639/224 816/637/224 1964/799/300 1963/796/224
f 816/637/224 22/636/224 892/804/231 1964/799/300
f 1964/799/300 892/804/231 893/805/314 1967/800/310
f 1967/800/310 893/805/314 894/806/315 1970/803/313
f 1970/803/313 894/806/315 130/807/316 219/808/317
f 1969/801/311 1970/803/313 219/808/317 218/809/318
f 1968/802/312 1969/801/311 218/809/318 217/810/319
f 891/790/305 1968/802/312 217/810/319 129/791/306
f 890/789/304 1965/798/243 1968/802/312 891/790/305
f 889/788/285 1962/795/253 1965/798/243 890/789/304
f 1971/811/253 1972/812/224 1975/813/320 1974/814/321
f 1972/812/224 1973/815/300 1976/816/322 1975/813/320
f 1974/814/321 1975/813/320 1978/817/323 1977/818/324
f 1975/813/320 1976/816/322 1979/819/325 1978/817/323
f 22/636/224 817/638/224 1971/811/253 892/804/231
f 817/638/224 818/635/224 1972/812/224 1971/811/253
f 818/635/224 819/633/224 1973/815/300 1972/812/224
f 819/633/224 21/632/224 895/820/285 1973/815/300
f 1973/815/300 895/820/285 896/821/326 1976/816/322
f 1976/816/322 896/821/326 897/822/327 1979/819/325
f 1979/819/325 897/822/327 131/823/328 228/824/329
f 1978/817/323 1979/819/325 228/824/329 227/825/330
f 1977/818/324 1978/817/323 227/825/330 226/826/331
f 894/806/315 1977/818/324 226/826/331 130/807/316
f 893/805/314 1974/814/321 1977/818/324 894/806/315
f 892/804/231 1971/811/253 1974/814/321 893/805/314
f 1980/827/231 1981/828/224 1984/829/243 1983/830/332
f 1981/828/224 1982/831/231 1985/832/243 1984/829/243
f 1983/830/332 1984/829/243 1987/833/333 1986/834/334
f 1984/829/243 1985/832/243 1988/835/278 1987/833/333
f 21/632/224 820/634/224 1980/827/231 895/820/285
f 820/634/224 821/631/224 1981/828/224 1980/827/231
f 821/631/224 822/629/224 1982/831/231 1981/828/224
f 822/629/224 19/628/224 898/836/231 1982/831/231
f 1982/831/231 898/836/231 899/837/243 1985/832/243
f 1985/832/243 899/837/243 900/838/283 1988/835/278
f 1988/835/278 900/838/283 132/839/284 237/840/335
f 1987/833/333 1988/835/278 237/840/335 236/841/336
f 1986/834/334 1987/833/333 236/841/336 235/842/337
f 897/822/327 1986/834/334 235/842/337 131/823/328
f 896/821/326 1983/830/332 1986/834/334 897/822/327
f 895/820/285 1980/827/231 1983/830/332 896/821/326
f 1989/843/285 1990/844/285 1993/845/286 1992/846/287
f 1990/844/285 1991/847/285 1994/848/287 1993/845/286
f 1992/846/287 1993/845/286 1996/849/288 1995/850/338
f 1993/845/286 1994/848/287 1997/851/289 1996/849/288
f 9/656/224 823/658/224 1989/843/285 903/852/339
f 823/658/224 824/655/224 1990/844/285 1989/843/285
f 824/655/224 825/653/224 1991/847/285 1990/844/285
f 825/653/224 7/652/224 904/853/285 1991/847/285
f 1991/847/285 904/853/285 905/854/287 1994/848/287
f 1994/848/287 905/854/287 906/855/297 1997/851/289
f 1997/851/289 906/855/297 134/856/298 243/857/340
f 1996/849/288 1997/851/289 243/857/340 242/858/341
f 1995/850/338 1996/849/288 242/858/341 241/859/342
f 901/860/343 1995/850/338 241/859/342 133/861/344
f 902/862/345 1992/846/287 1995/850/338 901/860/343
f 903/852/339 1989/843/285 1992/846/287 902/862/345
f 1998/863/299 1999/864/224 2002/865/300 2001/866/287
f 1999/864/224 2000/867/346 2003/868/347 2002/865/300
f 2001/866/287 2002/865/300 2005/869/348 2004/870/349
f 2002/865/300 2003/868/347 2006/871/350 2005/869/348
f 10/660/224 826/662/224 1998/863/299 909/872/285
f 826/662/224 827/659/224 1999/864/224 1998/863/299
f 827/659/224 828/657/224 2000/867/346 1999/864/224
f 828/657/224 9/656/224 903/852/339 2000/867/346
f 2000/867/346 903/852/339 902/862/345 2003/868/347
f 2003/868/347 902/862/345 901/860/343 2006/871/350
f 2006/871/350 901/860/343 133/861/344 255/873/351
f 2005/869/348 2006/871/350 255/873/351 254/874/352
f 2004/870/349 2005/869/348 254/874/352 253/875/353
f 907/876/354 2004/870/349 253/875/353 135/877/355
f 908/878/356 2001/866/287 2004/870/349 907/876/354
f 909/872/285 1998/863/299 2001/866/287 908/878/356
f 2007/879/299 2008/880/224 2011/881/357 2010/882/358
f 2008/880/224 2009/883/346 2012/884/347 2011/881/357
f 2010/882/358 2011/881/357 2014/885/359 2013/886/360
f 2011/881/357 2012/884/347 2015/887/361 2014/885/359
f 11/664/224 829/666/224 2007/879/299 912/888/339
f 829/666/224 830/663/224 2008/880/224 2007/879/299
f 830/663/224 831/661/224 2009/883/346 2008/880/224
f 831/661/224 10/660/224 909/872/285 2009/883/346
f 2009/883/346 909/872/285 908/878/356 2012/884/347
f 2012/884/347 908/878/356 907/876/354 2015/887/361
f 2015/887/361 907/876/354 135/877/355 264/889/362
f 2014/885/359 2015/887/361 264/889/362 263/890/363
f 2013/886/360 2014/885/359 263/890/363 262/891/364
f 910/892/365 2013/886/360 262/891/364 136/893/366
f 911/894/367 2010/882/358 2013/886/360 910/892/365
f 912/888/339 2007/879/299 2010/882/358 911/894/367
f 2016/895/299 2017/896/224 2020/897/368 2019/898/369
f 2017/896/224 2018/899/346 2021/900/370 2020/897/368
f 2019/898/369 2020/897/368 2023/901/371 2022/902/372
f 2020/897/368 2021/900/370 2024/903/373 2023/901/371
f 12/668/224 832/670/224 2016/895/299 915/904/285
f 832/670/224 833/667/224 2017/896/224 2016/895/299
f 833/667/224 834/665/224 2018/899/346 2017/896/224
f 834/665/224 11/664/224 912/888/339 2018/899/346
f 2018/899/346 912/888/339 911/894/367 2021/900/370
f 2021/900/370 911/894/367 910/892/365 2024/903/373
f 2024/903/373 910/892/365 136/893/366 273/905/374
f 2023/901/371 2024/903/373 273/905/374 272/906/375
f 2022/902/372 2023/901/371 272/906/375 271/907/376
f 913/908/377 2022/902/372 271/907/376 137/909/378
f 914/910/379 2019/898/369 2022/902/372 913/908/377
f 915/904/285 2016/895/299 2019/898/369 914/910/379
f 2025/911/339 2026/912/224 2029/913/347 2028/914/347
f 2026/912/224 2027/915/339 2030/916/380 2029/913/347
f 2028/914/347 2029/913/347 2032/917/381 2031/918/382
f 2029/913/347 2030/916/380 2033/919/383 2032/917/381
f 8/672/224 835/674/224 2025/911/339 918/920/339
f 835/674/224 836/671/224 2026/912/224 2025/911/339
f 836/671/224 837/669/224 2027/915/339 2026/912/224
f 837/669/224 12/668/224 915/904/285 2027/915/339
f 2027/915/339 915/904/285 914/910/379 2030/916/380
f 2030/916/380 914/910/379 913/908/377 2033/919/383
f 2033/919/383 913/908/377 137/909/378 282/921/384
f 2032/917/381 2033/919/383 282/921/384 281/922/385
f 2031/918/382 2032/917/381 281/922/385 280/923/386
f 916/924/387 2031/918/382 280/923/386 138/925/388
f 917/926/347 2028/914/347 2031/918/382 916/924/387
f 918/920/339 2025/911/339 2028/914/347 917/926/347
f 2034/927/225 2035/928/225 2038/929/226 2037/930/227
f 2035/928/225 2036/931/225 2039/932/227 2038/929/226
f 2037/930/227 2038/929/226 2041/933/228 2040/934/230
f 2038/929/226 2039/932/227 2042/935/389 2041/933/228
f 2/600/224 838/602/224 2034/927/225 921/936/225
f 838/602/224 839/599/224 2035/928/225 2034/927/225
f 839/599/224 840/597/224 2036/931/225 2035/928/225
f 840/597/224 6/596/224 922/937/339 2036/931/225
f 2036/931/225 922/937/339 923/938/390 2039/932/227
f 2039/932/227 923/938/390 924/939/391 2042/935/389
f 2042/935/389 924/939/391 140/940/392 297/941/393
f 2041/933/228 2042/935/389 297/941/393 296/942/394
f 2040/934/230 2041/933/228 296/942/394 295/943/395
f 919/944/232 2040/934/230 295/943/395 139/945/233
f 920/946/227 2037/930/227 2040/934/230 919/944/232
f 921/936/225 2034/927/225 2037/930/227 920/946/227
f 2043/947/357 2044/948/224 2047/949/240 2046/950/347
f 2044/948/224 2045/951/241 2048/952/227 2047/949/240
f 2046/950/347 2047/949/240 2050/953/396 2049/954/397
f 2047/949/240 2048/952/227 2051/955/398 2050/953/396
f 6/596/224 841/598/224 2043/947/357 922/937/339
f 841/598/224 842/595/224 2044/948/224 2043/947/357
f 842/595/224 843/593/224 2045/951/241 2044/948/224
f 843/593/224 5/592/224 925/956/225 2045/951/241
f 2045/951/241 925/956/225 926/957/399 2048/952/227
f 2048/952/227 926/957/399 927/958/400 2051/955/398
f 2051/955/398 927/958/400 141/959/401 306/960/402
f 2050/953/396 2051/955/398 306/960/402 305/961/403
f 2049/954/397 2050/953/396 305/961/403 304/962/404
f 924/939/391 2049/954/397 304/962/404 140/940/392
f 923/938/390 2046/950/347 2049/954/397 924/939/391
f 922/937/339 2043/947/357 2046/950/347 923/938/390
f 2052/963/357 2053/964/224 2056/965/346 2055/966/347
f 2053/964/224 2054/967/241 2057/968/405 2056/965/346
f 2055/966/347 2056/965/346 2059/969/406 2058/970/407
f 2056/965/346 2057/968/405 2060/971/408 2059/969/406
f 5/592/224 844/594/224 2052/963/357 925/956/225
f 844/594/224 845/591/224 2053/964/224 2052/963/357
f 845/591/224 846/589/224 2054/967/241 2053/964/224
f 846/589/224 4/588/224 928/972/339 2054/967/241
f 2054/967/241 928/972/339 929/973/409 2057/968/405
f 2057/968/405 929/973/409 930/974/410 2060/971/408
f 2060/971/408 930/974/410 142/975/411 315/976/412
f 2059/969/406 2060/971/408 315/976/412 314/977/413
f 2058/970/407 2059/969/406 314/977/413 313/978/414
f 927/958/400 2058/970/407 313/978/414 141/959/401
f 926/957/399 2055/966/347 2058/970/407 927/958/400
f 925/956/225 2052/963/357 2055/966/347 926/957/399
f 2061/979/357 2062/980/224 2065/981/415 2064/982/416
f 2062/980/224 2063/983/241 2066/984/417 2065/981/415
f 2064/982/416 2065/981/415 2068/985/418 2067/986/419
f 2065/981/415 2066/984/417 2069/987/420 2068/985/418
f 4/588/224 847/590/224 2061/979/357 928/972/339
f 847/590/224 848/587/224 2062/980/224 2061/979/357
f 848/587/224 849/585/224 2063/983/241 2062/980/224
f 849/585/224 3/584/224 931/988/225 2063/983/241
f 2063/983/241 931/988/225 932/989/421 2066/984/417
f 2066/984/417 932/989/421 933/990/422 2069/987/420
f 2069/987/420 933/990/422 143/991/423 324/992/424
f 2068/985/418 2069/987/420 324/992/424 323/993/425
f 2067/986/419 2068/985/418 323/993/425 322/994/426
f 930/974/410 2067/986/419 322/994/426 142/975/411
f 929/973/409 2064/982/416 2067/986/419 930/974/410
f 928/972/339 2061/979/357 2064/982/416 929/973/409
f 2070/995/339 2071/996/224 2074/997/347 2073/998/427
f 2071/996/224 2072/999/339 2075/1000/347 2074/997/347
f 2073/998/427 2074/997/347 2077/1001/428 2076/1002/429
f 2074/997/347 2075/1000/347 2078/1003/382 2077/1001/428
f 3/584/224 850/586/224 2070/995/339 931/988/225
f 850/586/224 851/582/224 2071/996/224 2070/995/339
f 851/582/224 852/580/224 2072/999/339 2071/996/224
f 852/580/224 1/579/224 934/1004/339 2072/999/339
f 2072/999/339 934/1004/339 935/1005/347 2075/1000/347
f 2075/1000/347 935/1005/347 936/1006/387 2078/1003/382
f 2078/1003/382 936/1006/387 144/1007/388 333/1008/430
f 2077/1001/428 2078/1003/382 333/1008/430 332/1009/431
f 2076/1002/429 2077/1001/428 332/1009/431 331/1010/432
f 933/990/422 2076/1002/429 331/1010/432 143/991/423
f 932/989/421 2073/998/427 2076/1002/429 933/990/422
f 931/988/225 2070/995/339 2073/998/427 932/989/421
f 2079/1011/225 2080/1012/225 2083/1013/226 2082/1014/227
f 2080/1012/225 2081/1015/225 2084/1016/227 2083/1013/226
f 2082/1014/227 2083/1013/226 2086/1017/228 2085/1018/433
f 2083/1013/226 2084/1016/227 2087/1019/433 2086/1017/228
f 13/604/224 853/606/224 2079/1011/225 868/685/225
f 853/606/224 854/603/224 2080/1012/225 2079/1011/225
f 854/603/224 855/601/224 2081/1015/225 2080/1012/225
f 855/601/224 2/600/224 921/936/225 2081/1015/225
f 2081/1015/225 921/936/225 920/946/227 2084/1016/227
f 2084/1016/227 920/946/227 919/944/232 2087/1019/433
f 2087/1019/433 919/944/232 139/945/233 339/1020/434
f 2086/1017/228 2087/1019/433 339/1020/434 338/1021/435
f 2085/1018/433 2086/1017/228 338/1021/435 337/1022/434
f 870/687/232 2085/1018/433 337/1022/434 122/688/233
f 869/686/227 2082/1014/227 2085/1018/433 870/687/232
f 868/685/225 2079/1011/225 2082/1014/227 869/686/227
f 2088/1023/339 2089/1024/224 2092/1025/347 2091/1026/347
f 2089/1024/224 2090/1027/339 2093/1028/347 2092/1025/347
f 2091/1026/347 2092/1025/347 2095/1029/436 2094/1030/437
f 2092/1025/347 2093/1028/347 2096/1031/437 2095/1029/436
f 1/579/224 858/581/224 2088/1023/339 934/1004/339
f 858/581/224 857/583/224 2089/1024/224 2088/1023/339
f 857/583/224 856/673/224 2090/1027/339 2089/1024/224
f 856/673/224 8/672/224 918/920/339 2090/1027/339
f 2090/1027/339 918/920/339 917/926/347 2093/1028/347
f 2093/1028/347 917/926/347 916/924/387 2096/1031/437
f 2096/1031/437 916/924/387 138/925/388 343/1032/438
f 2095/1029/436 2096/1031/437 343/1032/438 344/1033/439
f 2094/1030/437 2095/1029/436 344/1033/439 345/1034/438
f 936/1006/387 2094/1030/437 345/1034/438 144/1007/388
f 935/1005/347 2091/1026/347 2094/1030/437 936/1006/387
f 934/1004/339 2088/1023/339 2091/1026/347 935/1005/347
f 2097/1035/231 2098/1036/224 2101/1037/243 2100/1038/243
f 2098/1036/224 2099/1039/231 2102/1040/243 2101/1037/243
f 2100/1038/243 2101/1037/243 2104/1041/440 2103/1042/441
f 2101/1037/243 2102/1040/243 2105/1043/441 2104/1041/440
f 19/628/224 861/630/224 2097/1035/231 898/836/231
f 861/630/224 860/627/224 2098/1036/224 2097/1035/231
f 860/627/224 859/625/224 2099/1039/231 2098/1036/224
f 859/625/224 14/624/224 882/752/231 2099/1039/231
f 2099/1039/231 882/752/231 881/758/243 2102/1040/243
f 2102/1040/243 881/758/243 880/756/283 2105/1043/441
f 2105/1043/441 880/756/283 126/757/284 346/1044/442
f 2104/1041/440 2105/1043/441 346/1044/442 347/1045/443
f 2103/1042/441 2104/1041/440 347/1045/443 348/1046/442
f 900/838/283 2103/1042/441 348/1046/442 132/839/284
f 899/837/243 2100/1038/243 2103/1042/441 900/838/283
f 898/836/231 2097/1035/231 2100/1038/243 899/837/243
f 2106/1047/285 2107/1048/285 2110/1049/286 2109/1050/287
f 2107/1048/285 2108/1051/285 2111/1052/287 2110/1049/286
f 2109/1050/287 2110/1049/286 2113/1053/288 2112/1054/444
f 2110/1049/286 2111/1052/287 2114/1055/444 2113/1053/288
f 7/652/224 864/654/224 2106/1047/285 904/853/285
f 864/654/224 863/651/224 2107/1048/285 2106/1047/285
f 863/651/224 862/649/224 2108/1051/285 2107/1048/285
f 862/649/224 20/648/224 885/768/285 2108/1051/285
f 2108/1051/285 885/768/285 884/778/287 2111/1052/287
f 2111/1052/287 884/778/287 883/776/297 2114/1055/444
f 2114/1055/444 883/776/297 127/777/298 349/1056/445
f 2113/1053/288 2114/1055/444 349/1056/445 350/1057/446
f 2112/1054/444 2113/1053/288 350/1057/446 351/1058/445
f 906/855/297 2112/1054/444 351/1058/445 134/856/298
f 905/854/287 2109/1050/287 2112/1054/444 906/855/297
f 904/853/285 2106/1047/285 2109/1050/287 905/854/287
g QueenDiamonds_Plane.033_CardSides
usemtl CardSides
f 937/1059/447 938/1060/448 941/1061/449 940/1062/450
f 938/1060/448 939/1063/451 942/1064/452 941/1061/449
f 940/1062/450 941/1061/449 944/1065/453 943/1066/454
f 941/1061/449 942/1064/452 945/1067/455 944/1065/453
f 96/1068/456 648/1069/457 937/1059/447 334/1070/458
f 648/1069/457 647/1071/459 938/1060/448 937/1059/447
f 647/1071/459 646/1072/460 939/1063/451 938/1060/448
f 646/1072/460 83/1073/461 465/1074/462 939/1063/451
f 939/1063/451 465/1074/462 464/1075/463 942/1064/452
f 942/1064/452 464/1075/463 463/1076/464 945/1067/455
f 945/1067/465 463/1076/466 114/1077/467 352/1078/465
f 944/1065/468 945/1067/465 352/1078/465 353/1079/468
f 943/1066/469 944/1065/468 353/1079/468 354/1080/469
f 336/1081/470 943/1066/469 354/1080/469 120/1082/471
f 335/1083/472 940/1062/450 943/1066/454 336/1081/473
f 334/1070/458 937/1059/447 940/1062/450 335/1083/472
f 995/1084/474 996/1085/475 999/1086/476 998/1087/477
f 996/1085/475 997/1088/478 1000/1089/479 999/1086/476
f 998/1087/477 999/1086/476 1002/1090/480 1001/1091/481
f 999/1086/476 1000/1089/479 1003/1092/482 1002/1090/480
f 74/1093/483 642/1094/484 995/1084/474 244/1095/485
f 642/1094/484 641/1096/486 996/1085/475 995/1084/474
f 641/1096/486 640/1097/487 997/1088/478 996/1085/475
f 640/1097/487 61/1098/488 399/1099/489 997/1088/478
f 997/1088/478 399/1099/489 398/1100/490 1000/1089/479
f 1000/1089/479 398/1100/490 397/1101/491 1003/1092/482
f 1003/1092/492 397/1101/493 104/1102/494 355/1103/495
f 1002/1090/496 1003/1092/492 355/1103/495 356/1104/496
f 1001/1091/497 1002/1090/496 356/1104/496 357/1105/498
f 246/1106/499 1001/1091/497 357/1105/498 109/1107/500
f 245/1108/501 998/1087/477 1001/1091/481 246/1106/502
f 244/1095/485 995/1084/474 998/1087/477 245/1108/501
f 1004/1109/503 1005/1110/504 1008/1111/505 1007/1112/506
f 1005/1110/504 1006/1113/507 1009/1114/508 1008/1111/505
f 1007/1112/506 1008/1111/505 1011/1115/509 1010/1116/510
f 1008/1111/505 1009/1114/508 1012/1117/511 1011/1115/509
f 72/1118/512 636/1119/513 1004/1109/503 238/1120/514
f 636/1119/513 635/1121/515 1005/1110/504 1004/1109/503
f 635/1121/515 634/1122/516 1006/1113/507 1005/1110/504
f 634/1122/516 59/1123/517 393/1124/518 1006/1113/507
f 1006/1113/507 393/1124/518 392/1125/519 1009/1114/508
f 1009/1114/508 392/1125/519 391/1126/520 1012/1117/511
f 1012/1117/521 391/1126/522 102/1127/523 358/1128/521
f 1011/1115/524 1012/1117/521 358/1128/521 359/1129/524
f 1010/1116/525 1011/1115/524 359/1129/524 360/1130/525
f 240/1131/526 1010/1116/525 360/1130/525 108/1132/527
f 239/1133/528 1007/1112/506 1010/1116/510 240/1131/529
f 238/1120/514 1004/1109/503 1007/1112/506 239/1133/528
f 1062/1134/530 1063/1135/531 1066/1136/532 1065/1137/533
f 1063/1135/531 1064/1138/534 1067/1139/535 1066/1136/532
f 1065/1137/533 1066/1136/532 1069/1140/536 1068/1141/537
f 1066/1136/532 1067/1139/535 1070/1142/538 1069/1140/536
f 50/1143/539 148/1144/540 1062/1134/530 628/1145/541
f 148/1144/540 149/1146/542 1063/1135/531 1062/1134/530
f 149/1146/542 150/1147/543 1064/1138/534 1063/1135/531
f 150/1147/544 97/1148/545 151/1149/546 1064/1138/547
f 1064/1138/547 151/1149/546 152/1150/548 1067/1139/549
f 1067/1139/549 152/1150/548 153/1151/550 1070/1142/551
f 1070/1142/551 153/1151/550 98/1152/552 367/1153/553
f 1069/1140/536 1070/1142/538 367/1153/554 368/1154/555
f 1068/1141/537 1069/1140/536 368/1154/555 369/1155/556
f 630/1156/557 1068/1141/537 369/1155/556 51/1157/558
f 629/1158/559 1065/1137/533 1068/1141/537 630/1156/557
f 628/1145/541 1062/1134/530 1065/1137/533 629/1158/559
f 1071/1159/560 1072/1160/561 1075/1161/562 1074/1162/563
f 1072/1160/561 1073/1163/564 1076/1164/565 1075/1161/562
f 1074/1162/563 1075/1161/562 1078/1165/566 1077/1166/567
f 1075/1161/562 1076/1164/565 1079/1167/568 1078/1165/566
f 51/1157/558 369/1155/556 1071/1159/560 622/1168/569
f 369/1155/556 368/1154/555 1072/1160/561 1071/1159/560
f 368/1154/555 367/1153/554 1073/1163/564 1072/1160/561
f 367/1153/553 98/1152/552 160/1169/570 1073/1163/570
f 1073/1163/570 160/1169/570 161/1170/571 1076/1164/571
f 1076/1164/571 161/1170/571 162/1171/572 1079/1167/573
f 1079/1167/573 162/1171/572 99/1172/574 373/1173/574
f 1078/1165/566 1079/1167/568 373/1173/575 374/1174/576
f 1077/1166/567 1078/1165/566 374/1174/576 375/1175/577
f 624/1176/578 1077/1166/567 375/1175/577 53/1177/579
f 623/1178/580 1074/1162/563 1077/1166/567 624/1176/578
f 622/1168/569 1071/1159/560 1074/1162/563 623/1178/580
f 1080/1179/581 1081/1180/582 1084/1181/583 1083/1182/584
f 1081/1180/582 1082/1183/585 1085/1184/586 1084/1181/583
f 1083/1182/584 1084/1181/583 1087/1185/587 1086/1186/588
f 1084/1181/583 1085/1184/586 1088/1187/589 1087/1185/587
f 53/1188/579 375/1189/577 1080/1179/581 616/1190/590
f 375/1189/577 374/1191/576 1081/1180/582 1080/1179/581
f 374/1191/576 373/1192/575 1082/1183/585 1081/1180/582
f 373/1192/574 99/1193/574 169/1194/591 1082/1183/592
f 1082/1183/592 169/1194/591 170/1195/593 1085/1184/593
f 1085/1184/593 170/1195/593 171/1196/594 1088/1187/595
f 1088/1187/595 171/1196/594 100/1197/596 379/1198/597
f 1087/1185/587 1088/1187/589 379/1198/598 380/1199/599
f 1086/1186/588 1087/1185/587 380/1199/599 381/1200/600
f 618/1201/601 1086/1186/588 381/1200/600 55/1202/602
f 617/1203/603 1083/1182/584 1086/1186/588 618/1201/601
f 616/1190/590 1080/1179/581 1083/1182/584 617/1203/603
f 1089/1204/604 1090/1205/605 1093/1206/606 1092/1207/607
f 1090/1205/605 1091/1208/608 1094/1209/609 1093/1206/606
f 1092/1207/607 1093/1206/606 1096/1210/610 1095/1211/611
f 1093/1206/606 1094/1209/609 1097/1212/612 1096/1210/610
f 55/1202/602 381/1200/600 1089/1204/604 610/1213/613
f 381/1200/600 380/1199/599 1090/1205/605 1089/1204/604
f 380/1199/599 379/1198/598 1091/1208/608 1090/1205/605
f 379/1198/597 100/1197/596 178/1214/614 1091/1208/614
f 1091/1208/614 178/1214/614 179/1215/615 1094/1209/616
f 1094/1209/616 179/1215/615 180/1216/617 1097/1212/617
f 1097/1212/617 180/1216/617 101/1217/618 385/1218/619
f 1096/1210/610 1097/1212/612 385/1218/620 386/1219/621
f 1095/1211/611 1096/1210/610 386/1219/621 387/1220/622
f 612/1221/623 1095/1211/611 387/1220/622 57/1222/624
f 611/1223/625 1092/1207/607 1095/1211/611 612/1221/623
f 610/1213/613 1089/1204/604 1092/1207/607 611/1223/625
f 1098/1224/626 1099/1225/627 1102/1226/628 1101/1227/629
f 1099/1225/627 1100/1228/630 1103/1229/631 1102/1226/628
f 1101/1227/629 1102/1226/628 1105/1230/632 1104/1231/633
f 1102/1226/628 1103/1229/631 1106/1232/634 1105/1230/632
f 57/1222/624 387/1220/622 1098/1224/626 604/1233/635
f 387/1220/622 386/1219/621 1099/1225/627 1098/1224/626
f 386/1219/621 385/1218/620 1100/1228/630 1099/1225/627
f 385/1218/619 101/1217/618 187/1234/636 1100/1228/637
f 1100/1228/637 187/1234/636 188/1235/638 1103/1229/639
f 1103/1229/639 188/1235/638 189/1236/640 1106/1232/641
f 1106/1232/641 189/1236/640 102/1127/523 391/1126/522
f 1105/1230/632 1106/1232/634 391/1126/520 392/1125/519
f 1104/1231/633 1105/1230/632 392/1125/519 393/1124/518
f 606/1237/642 1104/1231/633 393/1124/518 59/1123/517
f 605/1238/643 1101/1227/629 1104/1231/633 606/1237/642
f 604/1233/635 1098/1224/626 1101/1227/629 605/1238/643
f 1107/1239/644 1108/1240/645 1111/1241/646 1110/1242/647
f 1108/1240/645 1109/1243/648 1112/1244/649 1111/1241/646
f 1110/1242/647 1111/1241/646 1114/1245/650 1113/1246/651
f 1111/1241/646 1112/1244/649 1115/1247/652 1114/1245/650
f 62/1248/653 196/1249/654 1107/1239/644 598/1250/655
f 196/1249/654 197/1251/656 1108/1240/645 1107/1239/644
f 197/1251/656 198/1252/657 1109/1243/648 1108/1240/645
f 198/1252/658 127/1253/659 199/1254/660 1109/1243/661
f 1109/1243/661 199/1254/660 200/1255/662 1112/1244/663
f 1112/1244/663 200/1255/662 201/1256/664 1115/1247/665
f 1115/1247/665 201/1256/664 128/1257/666 403/1258/667
f 1114/1245/650 1115/1247/652 403/1258/668 404/1259/669
f 1113/1246/651 1114/1245/650 404/1259/669 405/1260/670
f 600/1261/671 1113/1246/651 405/1260/670 63/1262/672
f 599/1263/673 1110/1242/647 1113/1246/651 600/1261/671
f 598/1250/655 1107/1239/644 1110/1242/647 599/1263/673
f 1116/1264/674 1117/1265/675 1120/1266/676 1119/1267/677
f 1117/1265/675 1118/1268/678 1121/1269/679 1120/1266/676
f 1119/1267/677 1120/1266/676 1123/1270/680 1122/1271/681
f 1120/1266/676 1121/1269/679 1124/1272/682 1123/1270/680
f 63/1262/672 405/1260/670 1116/1264/674 592/1273/683
f 405/1260/670 404/1259/669 1117/1265/675 1116/1264/674
f 404/1259/669 403/1258/668 1118/1268/678 1117/1265/675
f 403/1258/667 128/1257/666 208/1274/684 1118/1268/685
f 1118/1268/685 208/1274/684 209/1275/686 1121/1269/687
f 1121/1269/687 209/1275/686 210/1276/688 1124/1272/689
f 1124/1272/689 210/1276/688 129/1277/690 409/1278/691
f 1123/1270/680 1124/1272/682 409/1278/692 410/1279/693
f 1122/1271/681 1123/1270/680 410/1279/693 411/1280/694
f 594/1281/695 1122/1271/681 411/1280/694 65/1282/696
f 593/1283/697 1119/1267/677 1122/1271/681 594/1281/695
f 592/1273/683 1116/1264/674 1119/1267/677 593/1283/697
f 1125/1284/698 1126/1285/699 1129/1286/700 1128/1287/701
f 1126/1285/699 1127/1288/702 1130/1289/703 1129/1286/700
f 1128/1287/701 1129/1286/700 1132/1290/704 1131/1291/705
f 1129/1286/700 1130/1289/703 1133/1292/706 1132/1290/704
f 65/1293/696 411/1294/694 1125/1284/698 586/1295/707
f 411/1294/694 410/1296/693 1126/1285/699 1125/1284/698
f 410/1296/693 409/1297/692 1127/1288/702 1126/1285/699
f 409/1297/691 129/1298/690 217/1299/708 1127/1288/709
f 1127/1288/709 217/1299/708 218/1300/710 1130/1289/711
f 1130/1289/711 218/1300/710 219/1301/712 1133/1292/713
f 1133/1292/713 219/1301/712 130/1302/714 415/1303/715
f 1132/1290/704 1133/1292/706 415/1303/716 416/1304/717
f 1131/1291/705 1132/1290/704 416/1304/717 417/1305/718
f 588/1306/719 1131/1291/705 417/1305/718 67/1307/720
f 587/1308/721 1128/1287/701 1131/1291/705 588/1306/719
f 586/1295/707 1125/1284/698 1128/1287/701 587/1308/721
f 1134/1309/722 1135/1310/723 1138/1311/724 1137/1312/725
f 1135/1310/723 1136/1313/726 1139/1314/727 1138/1311/724
f 1137/1312/725 1138/1311/724 1141/1315/728 1140/1316/729
f 1138/1311/724 1139/1314/727 1142/1317/730 1141/1315/728
f 67/1307/720 417/1305/718 1134/1309/722 580/1318/731
f 417/1305/718 416/1304/717 1135/1310/723 1134/1309/722
f 416/1304/717 415/1303/716 1136/1313/726 1135/1310/723
f 415/1303/715 130/1302/714 226/1319/732 1136/1313/732
f 1136/1313/732 226/1319/732 227/1320/733 1139/1314/734
f 1139/1314/734 227/1320/733 228/1321/735 1142/1317/736
f 1142/1317/736 228/1321/735 131/1322/737 421/1323/738
f 1141/1315/728 1142/1317/730 421/1323/739 422/1324/740
f 1140/1316/729 1141/1315/728 422/1324/740 423/1325/741
f 582/1326/742 1140/1316/729 423/1325/741 69/1327/743
f 581/1328/744 1137/1312/725 1140/1316/729 582/1326/742
f 580/1318/731 1134/1309/722 1137/1312/725 581/1328/744
f 1143/1329/745 1144/1330/746 1147/1331/747 1146/1332/748
f 1144/1330/746 1145/1333/749 1148/1334/750 1147/1331/747
f 1146/1332/748 1147/1331/747 1150/1335/751 1149/1336/752
f 1147/1331/747 1148/1334/750 1151/1337/753 1150/1335/751
f 69/1327/743 423/1325/741 1143/1329/745 574/1338/754
f 423/1325/741 422/1324/740 1144/1330/746 1143/1329/745
f 422/1324/740 421/1323/739 1145/1333/749 1144/1330/746
f 421/1323/738 131/1322/737 235/1339/755 1145/1333/756
f 1145/1333/756 235/1339/755 236/1340/757 1148/1334/758
f 1148/1334/758 236/1340/757 237/1341/759 1151/1337/760
f 1151/1337/760 237/1341/759 132/1342/761 427/1343/762
f 1150/1335/751 1151/1337/753 427/1343/763 428/1344/764
f 1149/1336/752 1150/1335/751 428/1344/764 429/1345/765
f 576/1346/766 1149/1336/752 429/1345/765 71/1347/767
f 575/1348/768 1146/1332/748 1149/1336/752 576/1346/766
f 574/1338/754 1143/1329/745 1146/1332/748 575/1348/768
f 1152/1349/769 1153/1350/770 1156/1351/771 1155/1352/772
f 1153/1350/770 1154/1353/773 1157/1354/774 1156/1351/771
f 1155/1352/772 1156/1351/771 1159/1355/775 1158/1356/776
f 1156/1351/771 1157/1354/774 1160/1357/777 1159/1355/775
f 74/1093/483 244/1095/485 1152/1349/769 568/1358/778
f 244/1095/485 245/1108/501 1153/1350/770 1152/1349/769
f 245/1108/501 246/1106/502 1154/1353/773 1153/1350/770
f 246/1106/499 109/1107/500 247/1359/779 1154/1353/780
f 1154/1353/780 247/1359/779 248/1360/781 1157/1354/782
f 1157/1354/782 248/1360/781 249/1361/783 1160/1357/784
f 1160/1357/784 249/1361/783 110/1362/785 439/1363/786
f 1159/1355/775 1160/1357/777 439/1363/787 440/1364/788
f 1158/1356/776 1159/1355/775 440/1364/788 441/1365/789
f 570/1366/790 1158/1356/776 441/1365/789 75/1367/791
f 569/1368/792 1155/1352/772 1158/1356/776 570/1366/790
f 568/1358/778 1152/1349/769 1155/1352/772 569/1368/792
f 1161/1369/793 1162/1370/794 1165/1371/795 1164/1372/796
f 1162/1370/794 1163/1373/797 1166/1374/798 1165/1371/795
f 1164/1372/796 1165/1371/795 1168/1375/799 1167/1376/800
f 1165/1371/795 1166/1374/798 1169/1377/801 1168/1375/799
f 75/1367/791 441/1365/789 1161/1369/793 562/1378/802
f 441/1365/789 440/1364/788 1162/1370/794 1161/1369/793
f 440/1364/788 439/1363/787 1163/1373/797 1162/1370/794
f 439/1363/786 110/1362/785 256/1379/803 1163/1373/803
f 1163/1373/803 256/1379/803 257/1380/804 1166/1374/804
f 1166/1374/804 257/1380/804 258/1381/805 1169/1377/806
f 1169/1377/806 258/1381/805 111/1382/807 445/1383/808
f 1168/1375/799 1169/1377/801 445/1383/809 446/1384/810
f 1167/1376/800 1168/1375/799 446/1384/810 447/1385/811
f 564/1386/812 1167/1376/800 447/1385/811 77/1387/813
f 563/1388/814 1164/1372/796 1167/1376/800 564/1386/812
f 562/1378/802 1161/1369/793 1164/1372/796 563/1388/814
f 1170/1389/815 1171/1390/816 1174/1391/817 1173/1392/818
f 1171/1390/816 1172/1393/819 1175/1394/820 1174/1391/817
f 1173/1392/818 1174/1391/817 1177/1395/821 1176/1396/822
f 1174/1391/817 1175/1394/820 1178/1397/823 1177/1395/821
f 77/1398/813 447/1399/811 1170/1389/815 556/1400/824
f 447/1399/811 446/1401/810 1171/1390/816 1170/1389/815
f 446/1401/810 445/1402/809 1172/1393/819 1171/1390/816
f 445/1402/808 111/1403/807 265/1404/825 1172/1393/826
f 1172/1393/826 265/1404/825 266/1405/827 1175/1394/828
f 1175/1394/828 266/1405/827 267/1406/829 1178/1397/829
f 1178/1397/829 267/1406/829 112/1407/830 451/1408/831
f 1177/1395/821 1178/1397/823 451/1408/832 452/1409/833
f 1176/1396/822 1177/1395/821 452/1409/833 453/1410/834
f 558/1411/835 1176/1396/822 453/1410/834 79/1412/836
f 557/1413/837 1173/1392/818 1176/1396/822 558/1411/835
f 556/1400/824 1170/1389/815 1173/1392/818 557/1413/837
f 1179/1414/838 1180/1415/839 1183/1416/840 1182/1417/841
f 1180/1415/839 1181/1418/842 1184/1419/843 1183/1416/840
f 1182/1417/841 1183/1416/840 1186/1420/844 1185/1421/845
f 1183/1416/840 1184/1419/843 1187/1422/846 1186/1420/844
f 79/1412/836 453/1410/834 1179/1414/838 550/1423/847
f 453/1410/834 452/1409/833 1180/1415/839 1179/1414/838
f 452/1409/833 451/1408/832 1181/1418/842 1180/1415/839
f 451/1408/831 112/1407/830 274/1424/848 1181/1418/848
f 1181/1418/848 274/1424/848 275/1425/849 1184/1419/850
f 1184/1419/850 275/1425/849 276/1426/851 1187/1422/852
f 1187/1422/852 276/1426/851 113/1427/853 457/1428/854
f 1186/1420/844 1187/1422/846 457/1428/855 458/1429/856
f 1185/1421/845 1186/1420/844 458/1429/856 459/1430/857
f 552/1431/858 1185/1421/845 459/1430/857 81/1432/859
f 551/1433/860 1182/1417/841 1185/1421/845 552/1431/858
f 550/1423/847 1179/1414/838 1182/1417/841 551/1433/860
f 1188/1434/861 1189/1435/862 1192/1436/863 1191/1437/864
f 1189/1435/862 1190/1438/865 1193/1439/866 1192/1436/863
f 1191/1437/864 1192/1436/863 1195/1440/867 1194/1441/868
f 1192/1436/863 1193/1439/866 1196/1442/869 1195/1440/867
f 81/1432/859 459/1430/857 1188/1434/861 544/1443/870
f 459/1430/857 458/1429/856 1189/1435/862 1188/1434/861
f 458/1429/856 457/1428/855 1190/1438/865 1189/1435/862
f 457/1428/854 113/1427/853 283/1444/871 1190/1438/872
f 1190/1438/872 283/1444/871 284/1445/873 1193/1439/874
f 1193/1439/874 284/1445/873 285/1446/875 1196/1442/876
f 1196/1442/876 285/1446/875 114/1077/467 463/1076/466
f 1195/1440/867 1196/1442/869 463/1076/464 464/1075/463
f 1194/1441/868 1195/1440/867 464/1075/463 465/1074/462
f 546/1447/877 1194/1441/868 465/1074/462 83/1073/461
f 545/1448/878 1191/1437/864 1194/1441/868 546/1447/877
f 544/1443/870 1188/1434/861 1191/1437/864 545/1448/878
f 1197/1449/879 1198/1450/880 1201/1451/881 1200/1452/882
f 1198/1450/880 1199/1453/883 1202/1454/884 1201/1451/881
f 1200/1452/882 1201/1451/881 1204/1455/885 1203/1456/886
f 1201/1451/881 1202/1454/884 1205/1457/887 1204/1455/885
f 86/1458/888 292/1459/889 1197/1449/879 538/1460/890
f 292/1459/889 293/1461/891 1198/1450/880 1197/1449/879
f 293/1461/891 294/1462/892 1199/1453/883 1198/1450/880
f 294/1462/893 139/1463/894 295/1464/895 1199/1453/896
f 1199/1453/896 295/1464/895 296/1465/897 1202/1454/898
f 1202/1454/898 296/1465/897 297/1466/899 1205/1457/900
f 1205/1457/900 297/1466/899 140/1467/901 475/1468/902
f 1204/1455/885 1205/1457/887 475/1468/903 476/1469/904
f 1203/1456/886 1204/1455/885 476/1469/904 477/1470/905
f 540/1471/906 1203/1456/886 477/1470/905 87/1472/907
f 539/1473/908 1200/1452/882 1203/1456/886 540/1471/906
f 538/1460/890 1197/1449/879 1200/1452/882 539/1473/908
f 1206/1474/909 1207/1475/910 1210/1476/911 1209/1477/912
f 1207/1475/910 1208/1478/913 1211/1479/914 1210/1476/911
f 1209/1477/912 1210/1476/911 1213/1480/915 1212/1481/916
f 1210/1476/911 1211/1479/914 1214/1482/917 1213/1480/915
f 87/1472/907 477/1470/905 1206/1474/909 532/1483/918
f 477/1470/905 476/1469/904 1207/1475/910 1206/1474/909
f 476/1469/904 475/1468/903 1208/1478/913 1207/1475/910
f 475/1468/902 140/1467/901 304/1484/919 1208/1478/920
f 1208/1478/920 304/1484/919 305/1485/921 1211/1479/922
f 1211/1479/922 305/1485/921 306/1486/923 1214/1482/923
f 1214/1482/923 306/1486/923 141/1487/924 481/1488/925
f 1213/1480/915 1214/1482/917 481/1488/926 482/1489/927
f 1212/1481/916 1213/1480/915 482/1489/927 483/1490/928
f 534/1491/929 1212/1481/916 483/1490/928 89/1492/930
f 533/1493/931 1209/1477/912 1212/1481/916 534/1491/929
f 532/1483/918 1206/1474/909 1209/1477/912 533/1493/931
f 1215/1494/932 1216/1495/933 1219/1496/934 1218/1497/935
f 1216/1495/933 1217/1498/936 1220/1499/937 1219/1496/934
f 1218/1497/935 1219/1496/934 1222/1500/938 1221/1501/939
f 1219/1496/934 1220/1499/937 1223/1502/940 1222/1500/938
f 89/1503/930 483/1504/928 1215/1494/932 526/1505/941
f 483/1504/928 482/1506/927 1216/1495/933 1215/1494/932
f 482/1506/927 481/1507/926 1217/1498/936 1216/1495/933
f 481/1507/925 141/1508/924 313/1509/942 1217/1498/942
f 1217/1498/942 313/1509/942 314/1510/943 1220/1499/943
f 1220/1499/943 314/1510/943 315/1511/944 1223/1502/945
f 1223/1502/945 315/1511/944 142/1512/946 487/1513/947
f 1222/1500/938 1223/1502/940 487/1513/948 488/1514/949
f 1221/1501/939 1222/1500/938 488/1514/949 489/1515/950
f 528/1516/951 1221/1501/939 489/1515/950 91/1517/952
f 527/1518/953 1218/1497/935 1221/1501/939 528/1516/951
f 526/1505/941 1215/1494/932 1218/1497/935 527/1518/953
f 1224/1519/954 1225/1520/955 1228/1521/956 1227/1522/957
f 1225/1520/955 1226/1523/958 1229/1524/959 1228/1521/956
f 1227/1522/957 1228/1521/956 1231/1525/960 1230/1526/961
f 1228/1521/956 1229/1524/959 1232/1527/962 1231/1525/960
f 91/1517/952 489/1515/950 1224/1519/954 520/1528/963
f 489/1515/950 488/1514/949 1225/1520/955 1224/1519/954
f 488/1514/949 487/1513/948 1226/1523/958 1225/1520/955
f 487/1513/947 142/1512/946 322/1529/964 1226/1523/964
f 1226/1523/964 322/1529/964 323/1530/965 1229/1524/966
f 1229/1524/966 323/1530/965 324/1531/967 1232/1527/968
f 1232/1527/968 324/1531/967 143/1532/969 493/1533/970
f 1231/1525/960 1232/1527/962 493/1533/971 494/1534/972
f 1230/1526/961 1231/1525/960 494/1534/972 495/1535/973
f 522/1536/974 1230/1526/961 495/1535/973 93/1537/975
f 521/1538/976 1227/1522/957 1230/1526/961 522/1536/974
f 520/1528/963 1224/1519/954 1227/1522/957 521/1538/976
f 1233/1539/977 1234/1540/978 1237/1541/979 1236/1542/980
f 1234/1540/978 1235/1543/981 1238/1544/982 1237/1541/979
f 1236/1542/980 1237/1541/979 1240/1545/983 1239/1546/984
f 1237/1541/979 1238/1544/982 1241/1547/985 1240/1545/983
f 93/1537/975 495/1535/973 1233/1539/977 514/1548/986
f 495/1535/973 494/1534/972 1234/1540/978 1233/1539/977
f 494/1534/972 493/1533/971 1235/1543/981 1234/1540/978
f 493/1533/970 143/1532/969 331/1549/987 1235/1543/988
f 1235/1543/988 331/1549/987 332/1550/989 1238/1544/990
f 1238/1544/990 332/1550/989 333/1551/991 1241/1547/992
f 1241/1547/992 333/1551/991 144/1552/993 499/1553/994
f 1240/1545/983 1241/1547/985 499/1553/995 500/1554/996
f 1239/1546/984 1240/1545/983 500/1554/996 501/1555/997
f 516/1556/998 1239/1546/984 501/1555/997 95/1557/999
f 515/1558/1000 1236/1542/980 1239/1546/984 516/1556/998
f 514/1548/986 1233/1539/977 1236/1542/980 515/1558/1000
f 1242/1559/1001 1243/1560/1002 1246/1561/1003 1245/1562/1004
f 1243/1560/1002 1244/1563/1005 1247/1564/1006 1246/1561/1003
f 1245/1562/1004 1246/1561/1003 1249/1565/1007 1248/1566/1008
f 1246/1561/1003 1247/1564/1006 1250/1567/1009 1249/1565/1007
f 50/1143/539 510/1568/1010 1242/1559/1001 148/1144/540
f 510/1568/1010 509/1569/1011 1243/1560/1002 1242/1559/1001
f 509/1569/1011 508/1570/1012 1244/1563/1005 1243/1560/1002
f 508/1570/1012 85/1571/1013 471/1572/1014 1244/1563/1005
f 1244/1563/1005 471/1572/1014 470/1573/1015 1247/1564/1006
f 1247/1564/1006 470/1573/1015 469/1574/1016 1250/1567/1009
f 1250/1567/1017 469/1574/1018 116/1575/1019 340/1576/1020
f 1249/1565/1021 1250/1567/1017 340/1576/1020 341/1577/1021
f 1248/1566/1022 1249/1565/1021 341/1577/1021 342/1578/1023
f 150/1147/544 1248/1566/1022 342/1578/1023 97/1148/545
f 149/1146/542 1245/1562/1004 1248/1566/1008 150/1147/543
f 148/1144/540 1242/1559/1001 1245/1562/1004 149/1146/542
f 1251/1579/1024 1252/1580/1025 1255/1581/1026 1254/1582/1027
f 1252/1580/1025 1253/1583/1028 1256/1584/1029 1255/1581/1026
f 1254/1582/1027 1255/1581/1026 1258/1585/1030 1257/1586/1031
f 1255/1581/1026 1256/1584/1029 1259/1587/1032 1258/1585/1030
f 122/1588/1033 337/1589/1034 1251/1579/1035 361/1590/1036
f 337/1589/1034 338/1591/1037 1252/1580/1037 1251/1579/1035
f 338/1591/1037 339/1592/1038 1253/1583/1039 1252/1580/1037
f 339/1592/1038 139/1463/894 294/1462/893 1253/1583/1039
f 1253/1583/1028 294/1462/892 293/1461/891 1256/1584/1029
f 1256/1584/1029 293/1461/891 292/1459/889 1259/1587/1032
f 1259/1587/1032 292/1459/889 86/1458/888 505/1593/1040
f 1258/1585/1030 1259/1587/1032 505/1593/1040 506/1594/1041
f 1257/1586/1031 1258/1585/1030 506/1594/1041 507/1595/1042
f 363/1596/1043 1257/1586/1031 507/1595/1042 49/1597/1044
f 362/1598/1045 1254/1582/1027 1257/1586/1031 363/1596/1043
f 361/1590/1046 1251/1579/1024 1254/1582/1027 362/1598/1045
f 1260/1599/1047 1261/1600/1048 1264/1601/1048 1263/1602/1047
f 1261/1600/1048 1262/1603/1049 1265/1604/1049 1264/1601/1048
f 1263/1602/1047 1264/1601/1048 1267/1605/1048 1266/1606/1047
f 1264/1601/1048 1265/1604/1049 1268/1607/1049 1267/1605/1048
f 49/1597/1044 507/1595/1042 1260/1599/1047 364/1608/1050
f 507/1595/1042 506/1594/1041 1261/1600/1048 1260/1599/1047
f 506/1594/1041 505/1593/1040 1262/1603/1049 1261/1600/1048
f 505/1593/1040 86/1458/888 474/1609/1051 1262/1603/1049
f 1262/1603/1049 474/1609/1051 473/1610/1051 1265/1604/1049
f 1265/1604/1049 473/1610/1051 472/1611/1051 1268/1607/1049
f 1268/1607/1049 472/1611/1051 85/1571/1013 508/1570/1012
f 1267/1605/1048 1268/1607/1049 508/1570/1012 509/1569/1011
f 1266/1606/1047 1267/1605/1048 509/1569/1011 510/1568/1010
f 366/1612/1050 1266/1606/1047 510/1568/1010 50/1143/539
f 365/1613/1050 1263/1602/1047 1266/1606/1047 366/1612/1050
f 364/1608/1050 1260/1599/1047 1263/1602/1047 365/1613/1050
f 1269/1614/1052 1270/1615/1053 1273/1616/1054 1272/1617/1055
f 1270/1615/1053 1271/1618/1056 1274/1619/1057 1273/1616/1054
f 1272/1617/1055 1273/1616/1054 1276/1620/1058 1275/1621/1059
f 1273/1616/1054 1274/1619/1057 1277/1622/1060 1276/1620/1058
f 119/1623/1061 327/1624/1062 1269/1614/1063 330/1625/1064
f 327/1624/1065 326/1626/1066 1270/1615/1053 1269/1614/1052
f 326/1626/1066 325/1627/1067 1271/1618/1056 1270/1615/1053
f 325/1627/1067 94/1628/1068 511/1629/1069 1271/1618/1056
f 1271/1618/1056 511/1629/1069 512/1630/1070 1274/1619/1057
f 1274/1619/1057 512/1630/1070 513/1631/1071 1277/1622/1060
f 1277/1622/1060 513/1631/1071 96/1068/456 334/1070/458
f 1276/1620/1058 1277/1622/1060 334/1070/458 335/1083/472
f 1275/1621/1059 1276/1620/1058 335/1083/472 336/1081/473
f 328/1632/1072 1275/1621/1073 336/1081/470 120/1082/471
f 329/1633/1074 1272/1617/1075 1275/1621/1073 328/1632/1072
f 330/1625/1064 1269/1614/1063 1272/1617/1075 329/1633/1074
f 1278/1634/1076 1279/1635/1076 1282/1636/1077 1281/1637/1077
f 1279/1635/1076 1280/1638/1076 1283/1639/1078 1282/1636/1077
f 1281/1637/1077 1282/1636/1077 1285/1640/1079 1284/1641/1079
f 1282/1636/1077 1283/1639/1078 1286/1642/1080 1285/1640/1079
f 94/1628/1068 498/1643/1081 1278/1634/1076 511/1629/1069
f 498/1643/1081 497/1644/1082 1279/1635/1076 1278/1634/1076
f 497/1644/1082 496/1645/1083 1280/1638/1076 1279/1635/1076
f 496/1645/1083 93/1537/975 514/1548/986 1280/1638/1076
f 1280/1638/1076 514/1548/986 515/1558/1000 1283/1639/1078
f 1283/1639/1078 515/1558/1000 516/1556/998 1286/1642/1080
f 1286/1642/1080 516/1556/998 95/1557/999 502/1646/1084
f 1285/1640/1079 1286/1642/1080 502/1646/1084 503/1647/1085
f 1284/1641/1079 1285/1640/1079 503/1647/1085 504/1648/1085
f 513/1631/1071 1284/1641/1079 504/1648/1085 96/1068/456
f 512/1630/1070 1281/1637/1077 1284/1641/1079 513/1631/1071
f 511/1629/1069 1278/1634/1076 1281/1637/1077 512/1630/1070
f 1287/1649/1086 1288/1650/1087 1291/1651/1088 1290/1652/1089
f 1288/1650/1087 1289/1653/1090 1292/1654/1091 1291/1651/1088
f 1290/1652/1089 1291/1651/1088 1294/1655/1092 1293/1656/1093
f 1291/1651/1088 1292/1654/1091 1295/1657/1094 1294/1655/1092
f 118/1658/1095 318/1659/1096 1287/1649/1097 321/1660/1097
f 318/1659/1098 317/1661/1099 1288/1650/1087 1287/1649/1086
f 317/1661/1099 316/1662/1100 1289/1653/1090 1288/1650/1087
f 316/1662/1100 92/1663/1101 517/1664/1102 1289/1653/1090
f 1289/1653/1090 517/1664/1102 518/1665/1103 1292/1654/1091
f 1292/1654/1091 518/1665/1103 519/1666/1104 1295/1657/1094
f 1295/1657/1094 519/1666/1104 94/1628/1068 325/1627/1067
f 1294/1655/1092 1295/1657/1094 325/1627/1067 326/1626/1066
f 1293/1656/1093 1294/1655/1092 326/1626/1066 327/1624/1065
f 319/1667/1105 1293/1656/1105 327/1624/1062 119/1623/1061
f 320/1668/1106 1290/1652/1107 1293/1656/1105 319/1667/1105
f 321/1660/1097 1287/1649/1097 1290/1652/1107 320/1668/1106
f 1296/1669/1108 1297/1670/1108 1300/1671/1109 1299/1672/1110
f 1297/1670/1108 1298/1673/1108 1301/1674/1110 1300/1671/1109
f 1299/1672/1110 1300/1671/1109 1303/1675/1111 1302/1676/1112
f 1300/1671/1109 1301/1674/1110 1304/1677/1112 1303/1675/1111
f 92/1663/1101 492/1678/1113 1296/1669/1108 517/1664/1102
f 492/1678/1113 491/1679/1113 1297/1670/1108 1296/1669/1108
f 491/1679/1113 490/1680/1113 1298/1673/1108 1297/1670/1108
f 490/1680/1113 91/1517/952 520/1528/963 1298/1673/1108
f 1298/1673/1108 520/1528/963 521/1538/976 1301/1674/1110
f 1301/1674/1110 521/1538/976 522/1536/974 1304/1677/1112
f 1304/1677/1112 522/1536/974 93/1537/975 496/1645/1083
f 1303/1675/1111 1304/1677/1112 496/1645/1083 497/1644/1082
f 1302/1676/1112 1303/1675/1111 497/1644/1082 498/1643/1081
f 519/1666/1104 1302/1676/1112 498/1643/1081 94/1628/1068
f 518/1665/1103 1299/1672/1110 1302/1676/1112 519/1666/1104
f 517/1664/1102 1296/1669/1108 1299/1672/1110 518/1665/1103
f 1305/1681/1114 1306/1682/1115 1309/1683/1116 1308/1684/1117
f 1306/1682/1115 1307/1685/1118 1310/1686/1119 1309/1683/1116
f 1308/1684/1117 1309/1683/1116 1312/1687/1120 1311/1688/1121
f 1309/1683/1116 1310/1686/1119 1313/1689/1122 1312/1687/1120
f 117/1690/1123 309/1691/1124 1305/1681/1125 312/1692/1125
f 309/1691/1126 308/1693/1127 1306/1682/1115 1305/1681/1114
f 308/1693/1127 307/1694/1128 1307/1685/1118 1306/1682/1115
f 307/1694/1128 90/1695/1129 523/1696/1130 1307/1685/1118
f 1307/1685/1118 523/1696/1130 524/1697/1131 1310/1686/1119
f 1310/1686/1119 524/1697/1131 525/1698/1132 1313/1689/1122
f 1313/1689/1122 525/1698/1132 92/1663/1101 316/1662/1100
f 1312/1687/1120 1313/1689/1122 316/1662/1100 317/1661/1099
f 1311/1688/1121 1312/1687/1120 317/1661/1099 318/1659/1098
f 310/1699/1133 1311/1688/1134 318/1659/1096 118/1658/1095
f 311/1700/1135 1308/1684/1135 1311/1688/1134 310/1699/1133
f 312/1692/1125 1305/1681/1125 1308/1684/1135 311/1700/1135
f 1314/1701/1136 1315/1702/1136 1318/1703/1137 1317/1704/1137
f 1315/1702/1136 1316/1705/1136 1319/1706/1137 1318/1703/1137
f 1317/1704/1137 1318/1703/1137 1321/1707/1138 1320/1708/1138
f 1318/1703/1137 1319/1706/1137 1322/1709/1139 1321/1707/1138
f 90/1695/1129 486/1710/1140 1314/1701/1136 523/1696/1130
f 486/1710/1140 485/1711/1140 1315/1702/1136 1314/1701/1136
f 485/1711/1140 484/1712/1140 1316/1705/1136 1315/1702/1136
f 484/1712/1140 89/1503/930 526/1505/941 1316/1705/1136
f 1316/1705/1136 526/1505/941 527/1518/953 1319/1706/1137
f 1319/1706/1137 527/1518/953 528/1516/951 1322/1709/1139
f 1322/1709/1139 528/1516/951 91/1517/952 490/1680/1113
f 1321/1707/1138 1322/1709/1139 490/1680/1113 491/1679/1113
f 1320/1708/1138 1321/1707/1138 491/1679/1113 492/1678/1113
f 525/1698/1132 1320/1708/1138 492/1678/1113 92/1663/1101
f 524/1697/1131 1317/1704/1137 1320/1708/1138 525/1698/1132
f 523/1696/1130 1314/1701/1136 1317/1704/1137 524/1697/1131
f 1323/1713/1141 1324/1714/1142 1327/1715/1143 1326/1716/1144
f 1324/1714/1142 1325/1717/1145 1328/1718/1146 1327/1715/1143
f 1326/1716/1144 1327/1715/1143 1330/1719/1147 1329/1720/1148
f 1327/1715/1143 1328/1718/1146 1331/1721/1149 1330/1719/1147
f 115/1722/1150 300/1723/1151 1323/1713/1152 303/1724/1153
f 300/1723/1154 299/1725/1155 1324/1714/1142 1323/1713/1141
f 299/1725/1155 298/1726/1156 1325/1717/1145 1324/1714/1142
f 298/1726/1156 88/1727/1157 529/1728/1158 1325/1717/1145
f 1325/1717/1145 529/1728/1158 530/1729/1159 1328/1718/1146
f 1328/1718/1146 530/1729/1159 531/1730/1160 1331/1721/1149
f 1331/1721/1149 531/1730/1160 90/1731/1129 307/1732/1128
f 1330/1719/1147 1331/1721/1149 307/1732/1128 308/1733/1127
f 1329/1720/1148 1330/1719/1147 308/1733/1127 309/1734/1126
f 301/1735/1161 1329/1720/1161 309/1734/1124 117/1736/1123
f 302/1737/1162 1326/1716/1162 1329/1720/1161 301/1735/1161
f 303/1724/1153 1323/1713/1152 1326/1716/1162 302/1737/1162
f 1332/1738/1163 1333/1739/1164 1336/1740/1165 1335/1741/1166
f 1333/1739/1164 1334/1742/1167 1337/1743/1168 1336/1740/1165
f 1335/1741/1166 1336/1740/1165 1339/1744/1169 1338/1745/1170
f 1336/1740/1165 1337/1743/1168 1340/1746/1171 1339/1744/1169
f 88/1727/1157 480/1747/1172 1332/1738/1163 529/1728/1158
f 480/1747/1172 479/1748/1173 1333/1739/1164 1332/1738/1163
f 479/1748/1173 478/1749/1174 1334/1742/1167 1333/1739/1164
f 478/1749/1174 87/1472/907 532/1483/918 1334/1742/1167
f 1334/1742/1167 532/1483/918 533/1493/931 1337/1743/1168
f 1337/1743/1168 533/1493/931 534/1491/929 1340/1746/1171
f 1340/1746/1171 534/1491/929 89/1492/930 484/1750/1140
f 1339/1744/1169 1340/1746/1171 484/1750/1140 485/1751/1140
f 1338/1745/1170 1339/1744/1169 485/1751/1140 486/1752/1140
f 531/1730/1160 1338/1745/1170 486/1752/1140 90/1731/1129
f 530/1729/1159 1335/1741/1166 1338/1745/1170 531/1730/1160
f 529/1728/1158 1332/1738/1163 1335/1741/1166 530/1729/1159
f 1341/1753/1175 1342/1754/1176 1345/1755/1177 1344/1756/1178
f 1342/1754/1176 1343/1757/1179 1346/1758/1180 1345/1755/1177
f 1344/1756/1178 1345/1755/1177 1348/1759/1181 1347/1760/1182
f 1345/1755/1177 1346/1758/1180 1349/1761/1183 1348/1759/1181
f 116/1575/1019 469/1574/1018 1341/1753/1184 291/1762/1185
f 469/1574/1016 470/1573/1015 1342/1754/1176 1341/1753/1175
f 470/1573/1015 471/1572/1014 1343/1757/1179 1342/1754/1176
f 471/1572/1014 85/1571/1013 535/1763/1186 1343/1757/1179
f 1343/1757/1179 535/1763/1186 536/1764/1187 1346/1758/1180
f 1346/1758/1180 536/1764/1187 537/1765/1188 1349/1761/1183
f 1349/1761/1183 537/1765/1188 88/1727/1157 298/1726/1156
f 1348/1759/1181 1349/1761/1183 298/1726/1156 299/1725/1155
f 1347/1760/1182 1348/1759/1181 299/1725/1155 300/1723/1154
f 289/1766/1189 1347/1760/1190 300/1723/1151 115/1722/1150
f 290/1767/1191 1344/1756/1192 1347/1760/1190 289/1766/1189
f 291/1762/1185 1341/1753/1184 1344/1756/1192 290/1767/1191
f 1350/1768/1193 1351/1769/1193 1354/1770/1194 1353/1771/1194
f 1351/1769/1193 1352/1772/1193 1355/1773/1194 1354/1770/1194
f 1353/1771/1194 1354/1770/1194 1357/1774/1195 1356/1775/1195
f 1354/1770/1194 1355/1773/1194 1358/1776/1195 1357/1774/1195
f 85/1571/1013 472/1611/1051 1350/1768/1193 535/1763/1186
f 472/1611/1051 473/1610/1051 1351/1769/1193 1350/1768/1193
f 473/1610/1051 474/1609/1051 1352/1772/1193 1351/1769/1193
f 474/1609/1051 86/1458/888 538/1460/890 1352/1772/1193
f 1352/1772/1193 538/1460/890 539/1473/908 1355/1773/1194
f 1355/1773/1194 539/1473/908 540/1471/906 1358/1776/1195
f 1358/1776/1195 540/1471/906 87/1472/907 478/1749/1174
f 1357/1774/1195 1358/1776/1195 478/1749/1174 479/1748/1173
f 1356/1775/1195 1357/1774/1195 479/1748/1173 480/1747/1172
f 537/1765/1188 1356/1775/1195 480/1747/1172 88/1727/1157
f 536/1764/1187 1353/1771/1194 1356/1775/1195 537/1765/1188
f 535/1763/1186 1350/1768/1193 1353/1771/1194 536/1764/1187
f 1359/1777/1196 1360/1778/1197 1363/1779/1198 1362/1780/1199
f 1360/1778/1197 1361/1781/1200 1364/1782/1201 1363/1779/1198
f 1362/1780/1199 1363/1779/1198 1366/1783/1202 1365/1784/1203
f 1363/1779/1198 1364/1782/1201 1367/1785/1204 1366/1783/1202
f 137/1786/1205 279/1787/1206 1359/1777/1207 282/1788/1208
f 279/1787/1209 278/1789/1210 1360/1778/1197 1359/1777/1196
f 278/1789/1210 277/1790/1211 1361/1781/1200 1360/1778/1197
f 277/1790/1211 82/1791/1212 541/1792/1213 1361/1781/1200
f 1361/1781/1200 541/1792/1213 542/1793/1214 1364/1782/1201
f 1364/1782/1201 542/1793/1214 543/1794/1215 1367/1785/1204
f 1367/1785/1204 543/1794/1215 84/1795/1216 286/1796/1217
f 1366/1783/1202 1367/1785/1204 286/1796/1217 287/1797/1218
f 1365/1784/1203 1366/1783/1202 287/1797/1218 288/1798/1219
f 280/1799/1220 1365/1784/1221 288/1798/1222 138/1800/1223
f 281/1801/1224 1362/1780/1225 1365/1784/1221 280/1799/1220
f 282/1788/1208 1359/1777/1207 1362/1780/1225 281/1801/1224
f 1368/1802/1226 1369/1803/1226 1372/1804/1227 1371/1805/1227
f 1369/1803/1226 1370/1806/1226 1373/1807/1228 1372/1804/1227
f 1371/1805/1227 1372/1804/1227 1375/1808/1229 1374/1809/1229
f 1372/1804/1227 1373/1807/1228 1376/1810/1230 1375/1808/1229
f 82/1791/1212 462/1811/1231 1368/1802/1226 541/1792/1213
f 462/1811/1231 461/1812/1231 1369/1803/1226 1368/1802/1226
f 461/1812/1231 460/1813/1231 1370/1806/1226 1369/1803/1226
f 460/1813/1231 81/1432/859 544/1443/870 1370/1806/1226
f 1370/1806/1226 544/1443/870 545/1448/878 1373/1807/1228
f 1373/1807/1228 545/1448/878 546/1447/877 1376/1810/1230
f 1376/1810/1230 546/1447/877 83/1073/461 466/1814/1232
f 1375/1808/1229 1376/1810/1230 466/1814/1232 467/1815/1233
f 1374/1809/1229 1375/1808/1229 467/1815/1233 468/1816/1233
f 543/1794/1215 1374/1809/1229 468/1816/1233 84/1795/1216
f 542/1793/1214 1371/1805/1227 1374/1809/1229 543/1794/1215
f 541/1792/1213 1368/1802/1226 1371/1805/1227 542/1793/1214
f 1377/1817/1234 1378/1818/1235 1381/1819/1236 1380/1820/1237
f 1378/1818/1235 1379/1821/1238 1382/1822/1239 1381/1819/1236
f 1380/1820/1237 1381/1819/1236 1384/1823/1240 1383/1824/1241
f 1381/1819/1236 1382/1822/1239 1385/1825/1242 1384/1823/1240
f 136/1826/1243 270/1827/1244 1377/1817/1245 273/1828/1245
f 270/1827/1246 269/1829/1247 1378/1818/1235 1377/1817/1234
f 269/1829/1247 268/1830/1248 1379/1821/1238 1378/1818/1235
f 268/1830/1248 80/1831/1249 547/1832/1250 1379/1821/1238
f 1379/1821/1238 547/1832/1250 548/1833/1251 1382/1822/1239
f 1382/1822/1239 548/1833/1251 549/1834/1252 1385/1825/1242
f 1385/1825/1242 549/1834/1252 82/1791/1212 277/1790/1211
f 1384/1823/1240 1385/1825/1242 277/1790/1211 278/1789/1210
f 1383/1824/1241 1384/1823/1240 278/1789/1210 279/1787/1209
f 271/1835/1253 1383/1824/1254 279/1787/1206 137/1786/1205
f 272/1836/1255 1380/1820/1256 1383/1824/1254 271/1835/1253
f 273/1828/1245 1377/1817/1245 1380/1820/1256 272/1836/1255
f 1386/1837/1257 1387/1838/1258 1390/1839/1259 1389/1840/1260
f 1387/1838/1258 1388/1841/1261 1391/1842/1262 1390/1839/1259
f 1389/1840/1260 1390/1839/1259 1393/1843/1263 1392/1844/1263
f 1390/1839/1259 1391/1842/1262 1394/1845/1263 1393/1843/1263
f 80/1831/1249 456/1846/1264 1386/1837/1257 547/1832/1250
f 456/1846/1264 455/1847/1264 1387/1838/1258 1386/1837/1257
f 455/1847/1264 454/1848/1264 1388/1841/1261 1387/1838/1258
f 454/1848/1264 79/1412/836 550/1423/847 1388/1841/1261
f 1388/1841/1261 550/1423/847 551/1433/860 1391/1842/1262
f 1391/1842/1262 551/1433/860 552/1431/858 1394/1845/1263
f 1394/1845/1263 552/1431/858 81/1432/859 460/1813/1231
f 1393/1843/1263 1394/1845/1263 460/1813/1231 461/1812/1231
f 1392/1844/1263 1393/1843/1263 461/1812/1231 462/1811/1231
f 549/1834/1252 1392/1844/1263 462/1811/1231 82/1791/1212
f 548/1833/1251 1389/1840/1260 1392/1844/1263 549/1834/1252
f 547/1832/1250 1386/1837/1257 1389/1840/1260 548/1833/1251
f 1395/1849/1265 1396/1850/1266 1399/1851/1267 1398/1852/1268
f 1396/1850/1266 1397/1853/1269 1400/1854/1270 1399/1851/1267
f 1398/1852/1268 1399/1851/1267 1402/1855/1271 1401/1856/1272
f 1399/1851/1267 1400/1854/1270 1403/1857/1273 1402/1855/1271
f 135/1858/1274 261/1859/1275 1395/1849/1276 264/1860/1277
f 261/1859/1278 260/1861/1279 1396/1850/1266 1395/1849/1265
f 260/1861/1279 259/1862/1280 1397/1853/1269 1396/1850/1266
f 259/1862/1280 78/1863/1281 553/1864/1282 1397/1853/1269
f 1397/1853/1269 553/1864/1282 554/1865/1283 1400/1854/1270
f 1400/1854/1270 554/1865/1283 555/1866/1284 1403/1857/1273
f 1403/1857/1273 555/1866/1284 80/1831/1249 268/1830/1248
f 1402/1855/1271 1403/1857/1273 268/1830/1248 269/1829/1247
f 1401/1856/1272 1402/1855/1271 269/1829/1247 270/1827/1246
f 262/1867/1285 1401/1856/1286 270/1827/1244 136/1826/1243
f 263/1868/1287 1398/1852/1288 1401/1856/1286 262/1867/1285
f 264/1860/1277 1395/1849/1276 1398/1852/1288 263/1868/1287
f 1404/1869/1289 1405/1870/1290 1408/1871/1291 1407/1872/1292
f 1405/1870/1290 1406/1873/1293 1409/1874/1294 1408/1871/1291
f 1407/1872/1292 1408/1871/1291 1411/1875/1295 1410/1876/1295
f 1408/1871/1291 1409/1874/1294 1412/1877/1296 1411/1875/1295
f 78/1863/1281 450/1878/1297 1404/1869/1289 553/1864/1282
f 450/1878/1297 449/1879/1298 1405/1870/1290 1404/1869/1289
f 449/1879/1298 448/1880/1299 1406/1873/1293 1405/1870/1290
f 448/1880/1299 77/1398/813 556/1400/824 1406/1873/1293
f 1406/1873/1293 556/1400/824 557/1413/837 1409/1874/1294
f 1409/1874/1294 557/1413/837 558/1411/835 1412/1877/1296
f 1412/1877/1296 558/1411/835 79/1412/836 454/1848/1264
f 1411/1875/1295 1412/1877/1296 454/1848/1264 455/1847/1264
f 1410/1876/1295 1411/1875/1295 455/1847/1264 456/1846/1264
f 555/1866/1284 1410/1876/1295 456/1846/1264 80/1831/1249
f 554/1865/1283 1407/1872/1292 1410/1876/1295 555/1866/1284
f 553/1864/1282 1404/1869/1289 1407/1872/1292 554/1865/1283
f 1413/1881/1300 1414/1882/1301 1417/1883/1302 1416/1884/1303
f 1414/1882/1301 1415/1885/1304 1418/1886/1305 1417/1883/1302
f 1416/1884/1303 1417/1883/1302 1420/1887/1306 1419/1888/1307
f 1417/1883/1302 1418/1886/1305 1421/1889/1308 1420/1887/1306
f 133/1890/1309 252/1891/1310 1413/1881/1311 255/1892/1311
f 252/1891/1312 251/1893/1313 1414/1882/1301 1413/1881/1300
f 251/1893/1313 250/1894/1314 1415/1885/1304 1414/1882/1301
f 250/1894/1314 76/1895/1315 559/1896/1316 1415/1885/1304
f 1415/1885/1304 559/1896/1316 560/1897/1317 1418/1886/1305
f 1418/1886/1305 560/1897/1317 561/1898/1318 1421/1889/1308
f 1421/1889/1308 561/1898/1318 78/1899/1281 259/1900/1280
f 1420/1887/1306 1421/1889/1308 259/1900/1280 260/1901/1279
f 1419/1888/1307 1420/1887/1306 260/1901/1279 261/1902/1278
f 253/1903/1319 1419/1888/1320 261/1902/1275 135/1904/1274
f 254/1905/1321 1416/1884/1322 1419/1888/1320 253/1903/1319
f 255/1892/1311 1413/1881/1311 1416/1884/1322 254/1905/1321
f 1422/1906/1323 1423/1907/1324 1426/1908/1325 1425/1909/1326
f 1423/1907/1324 1424/1910/1327 1427/1911/1328 1426/1908/1325
f 1425/1909/1326 1426/1908/1325 1429/1912/1329 1428/1913/1329
f 1426/1908/1325 1427/1911/1328 1430/1914/1329 1429/1912/1329
f 76/1895/1315 444/1915/1330 1422/1906/1323 559/1896/1316
f 444/1915/1330 443/1916/1330 1423/1907/1324 1422/1906/1323
f 443/1916/1330 442/1917/1330 1424/1910/1327 1423/1907/1324
f 442/1917/1330 75/1367/791 562/1378/802 1424/1910/1327
f 1424/1910/1327 562/1378/802 563/1388/814 1427/1911/1328
f 1427/1911/1328 563/1388/814 564/1386/812 1430/1914/1329
f 1430/1914/1329 564/1386/812 77/1387/813 448/1918/1299
f 1429/1912/1329 1430/1914/1329 448/1918/1299 449/1919/1298
f 1428/1913/1329 1429/1912/1329 449/1919/1298 450/1920/1297
f 561/1898/1318 1428/1913/1329 450/1920/1297 78/1899/1281
f 560/1897/1317 1425/1909/1326 1428/1913/1329 561/1898/1318
f 559/1896/1316 1422/1906/1323 1425/1909/1326 560/1897/1317
f 1431/1921/1331 1432/1922/1332 1435/1923/1333 1434/1924/1334
f 1432/1922/1332 1433/1925/1335 1436/1926/1336 1435/1923/1333
f 1434/1924/1334 1435/1923/1333 1438/1927/1337 1437/1928/1338
f 1435/1923/1333 1436/1926/1336 1439/1929/1339 1438/1927/1337
f 134/1930/1340 433/1931/1341 1431/1921/1342 243/1932/1343
f 433/1931/1344 434/1933/1345 1432/1922/1332 1431/1921/1331
f 434/1933/1345 435/1934/1346 1433/1925/1335 1432/1922/1332
f 435/1934/1346 73/1935/1347 565/1936/1348 1433/1925/1335
f 1433/1925/1335 565/1936/1348 566/1937/1349 1436/1926/1336
f 1436/1926/1336 566/1937/1349 567/1938/1350 1439/1929/1339
f 1439/1929/1339 567/1938/1350 76/1895/1315 250/1894/1314
f 1438/1927/1337 1439/1929/1339 250/1894/1314 251/1893/1313
f 1437/1928/1338 1438/1927/1337 251/1893/1313 252/1891/1312
f 241/1939/1351 1437/1928/1352 252/1891/1310 133/1890/1309
f 242/1940/1353 1434/1924/1354 1437/1928/1352 241/1939/1351
f 243/1932/1343 1431/1921/1342 1434/1924/1354 242/1940/1353
f 1440/1941/1355 1441/1942/1355 1444/1943/1356 1443/1944/1356
f 1441/1942/1355 1442/1945/1355 1445/1946/1356 1444/1943/1356
f 1443/1944/1356 1444/1943/1356 1447/1947/1357 1446/1948/1358
f 1444/1943/1356 1445/1946/1356 1448/1949/1358 1447/1947/1357
f 73/1935/1347 436/1950/1359 1440/1941/1355 565/1936/1348
f 436/1950/1359 437/1951/1359 1441/1942/1355 1440/1941/1355
f 437/1951/1359 438/1952/1359 1442/1945/1355 1441/1942/1355
f 438/1952/1359 74/1093/483 568/1358/778 1442/1945/1355
f 1442/1945/1355 568/1358/778 569/1368/792 1445/1946/1356
f 1445/1946/1356 569/1368/792 570/1366/790 1448/1949/1358
f 1448/1949/1358 570/1366/790 75/1367/791 442/1917/1330
f 1447/1947/1357 1448/1949/1358 442/1917/1330 443/1916/1330
f 1446/1948/1358 1447/1947/1357 443/1916/1330 444/1915/1330
f 567/1938/1350 1446/1948/1358 444/1915/1330 76/1895/1315
f 566/1937/1349 1443/1944/1356 1446/1948/1358 567/1938/1350
f 565/1936/1348 1440/1941/1355 1443/1944/1356 566/1937/1349
f 1449/1953/1360 1450/1954/1361 1453/1955/1362 1452/1956/1363
f 1450/1954/1361 1451/1957/1364 1454/1958/1365 1453/1955/1362
f 1452/1956/1363 1453/1955/1362 1456/1959/1366 1455/1960/1367
f 1453/1955/1362 1454/1958/1365 1457/1961/1368 1456/1959/1366
f 107/1962/1369 231/1963/1370 1449/1953/1371 234/1964/1372
f 231/1963/1373 230/1965/1374 1450/1954/1361 1449/1953/1360
f 230/1965/1374 229/1966/1375 1451/1957/1364 1450/1954/1361
f 229/1966/1375 70/1967/1376 571/1968/1377 1451/1957/1364
f 1451/1957/1364 571/1968/1377 572/1969/1378 1454/1958/1365
f 1454/1958/1365 572/1969/1378 573/1970/1379 1457/1961/1368
f 1457/1961/1368 573/1970/1379 72/1118/512 238/1120/514
f 1456/1959/1366 1457/1961/1368 238/1120/514 239/1133/528
f 1455/1960/1367 1456/1959/1366 239/1133/528 240/1131/529
f 232/1971/1380 1455/1960/1381 240/1131/526 108/1132/527
f 233/1972/1382 1452/1956/1383 1455/1960/1381 232/1971/1380
f 234/1964/1372 1449/1953/1371 1452/1956/1383 233/1972/1382
f 1458/1973/1384 1459/1974/1384 1462/1975/1385 1461/1976/1386
f 1459/1974/1384 1460/1977/1384 1463/1978/1387 1462/1975/1385
f 1461/1976/1386 1462/1975/1385 1465/1979/1388 1464/1980/1389
f 1462/1975/1385 1463/1978/1387 1466/1981/1390 1465/1979/1388
f 70/1967/1376 426/1982/1391 1458/1973/1384 571/1968/1377
f 426/1982/1391 425/1983/1391 1459/1974/1384 1458/1973/1384
f 425/1983/1391 424/1984/1391 1460/1977/1384 1459/1974/1384
f 424/1984/1391 69/1327/743 574/1338/754 1460/1977/1384
f 1460/1977/1384 574/1338/754 575/1348/768 1463/1978/1387
f 1463/1978/1387 575/1348/768 576/1346/766 1466/1981/1390
f 1466/1981/1390 576/1346/766 71/1347/767 430/1985/1392
f 1465/1979/1388 1466/1981/1390 430/1985/1392 431/1986/1393
f 1464/1980/1389 1465/1979/1388 431/1986/1393 432/1987/1394
f 573/1970/1379 1464/1980/1389 432/1987/1394 72/1118/512
f 572/1969/1378 1461/1976/1386 1464/1980/1389 573/1970/1379
f 571/1968/1377 1458/1973/1384 1461/1976/1386 572/1969/1378
f 1467/1988/1395 1468/1989/1396 1471/1990/1397 1470/1991/1398
f 1468/1989/1396 1469/1992/1399 1472/1993/1400 1471/1990/1397
f 1470/1991/1398 1471/1990/1397 1474/1994/1401 1473/1995/1402
f 1471/1990/1397 1472/1993/1400 1475/1996/1403 1474/1994/1401
f 106/1997/1404 222/1998/1405 1467/1988/1406 225/1999/1406
f 222/1998/1407 221/2000/1408 1468/1989/1396 1467/1988/1395
f 221/2000/1408 220/2001/1409 1469/1992/1399 1468/1989/1396
f 220/2001/1409 68/2002/1410 577/2003/1411 1469/1992/1399
f 1469/1992/1399 577/2003/1411 578/2004/1412 1472/1993/1400
f 1472/1993/1400 578/2004/1412 579/2005/1413 1475/1996/1403
f 1475/1996/1403 579/2005/1413 70/1967/1376 229/1966/1375
f 1474/1994/1401 1475/1996/1403 229/1966/1375 230/1965/1374
f 1473/1995/1402 1474/1994/1401 230/1965/1374 231/1963/1373
f 223/2006/1414 1473/1995/1415 231/1963/1370 107/1962/1369
f 224/2007/1416 1470/1991/1417 1473/1995/1415 223/2006/1414
f 225/1999/1406 1467/1988/1406 1470/1991/1417 224/2007/1416
f 1476/2008/1418 1477/2009/1419 1480/2010/1420 1479/2011/1420
f 1477/2009/1419 1478/2012/1419 1481/2013/1421 1480/2010/1420
f 1479/2011/1420 1480/2010/1420 1483/2014/1422 1482/2015/1423
f 1480/2010/1420 1481/2013/1421 1484/2016/1424 1483/2014/1422
f 68/2002/1410 420/2017/1425 1476/2008/1418 577/2003/1411
f 420/2017/1425 419/2018/1426 1477/2009/1419 1476/2008/1418
f 419/2018/1426 418/2019/1427 1478/2012/1419 1477/2009/1419
f 418/2019/1427 67/1307/720 580/1318/731 1478/2012/1419
f 1478/2012/1419 580/1318/731 581/1328/744 1481/2013/1421
f 1481/2013/1421 581/1328/744 582/1326/742 1484/2016/1424
f 1484/2016/1424 582/1326/742 69/1327/743 424/1984/1391
f 1483/2014/1422 1484/2016/1424 424/1984/1391 425/1983/1391
f 1482/2015/1423 1483/2014/1422 425/1983/1391 426/1982/1391
f 579/2005/1413 1482/2015/1423 426/1982/1391 70/1967/1376
f 578/2004/1412 1479/2011/1420 1482/2015/1423 579/2005/1413
f 577/2003/1411 1476/2008/1418 1479/2011/1420 578/2004/1412
f 1485/2020/1428 1486/2021/1429 1489/2022/1430 1488/2023/1431
f 1486/2021/1429 1487/2024/1432 1490/2025/1433 1489/2022/1430
f 1488/2023/1431 1489/2022/1430 1492/2026/1434 1491/2027/1435
f 1489/2022/1430 1490/2025/1433 1493/2028/1436 1492/2026/1434
f 105/2029/1437 213/2030/1438 1485/2020/1439 216/2031/1440
f 213/2030/1441 212/2032/1442 1486/2021/1429 1485/2020/1428
f 212/2032/1442 211/2033/1443 1487/2024/1432 1486/2021/1429
f 211/2033/1443 66/2034/1444 583/2035/1445 1487/2024/1432
f 1487/2024/1432 583/2035/1445 584/2036/1446 1490/2025/1433
f 1490/2025/1433 584/2036/1446 585/2037/1447 1493/2028/1436
f 1493/2028/1436 585/2037/1447 68/2002/1410 220/2001/1409
f 1492/2026/1434 1493/2028/1436 220/2001/1409 221/2000/1408
f 1491/2027/1435 1492/2026/1434 221/2000/1408 222/1998/1407
f 214/2038/1448 1491/2027/1448 222/1998/1405 106/1997/1404
f 215/2039/1449 1488/2023/1450 1491/2027/1448 214/2038/1448
f 216/2031/1440 1485/2020/1439 1488/2023/1450 215/2039/1449
f 1494/2040/1451 1495/2041/1452 1498/2042/1453 1497/2043/1454
f 1495/2041/1452 1496/2044/1455 1499/2045/1453 1498/2042/1453
f 1497/2043/1454 1498/2042/1453 1501/2046/1456 1500/2047/1457
f 1498/2042/1453 1499/2045/1453 1502/2048/1458 1501/2046/1456
f 66/2034/1444 414/2049/1459 1494/2040/1451 583/2035/1445
f 414/2049/1459 413/2050/1460 1495/2041/1452 1494/2040/1451
f 413/2050/1460 412/2051/1461 1496/2044/1455 1495/2041/1452
f 412/2051/1461 65/1293/696 586/1295/707 1496/2044/1455
f 1496/2044/1455 586/1295/707 587/1308/721 1499/2045/1453
f 1499/2045/1453 587/1308/721 588/1306/719 1502/2048/1458
f 1502/2048/1458 588/1306/719 67/1307/720 418/2019/1427
f 1501/2046/1456 1502/2048/1458 418/2019/1427 419/2018/1426
f 1500/2047/1457 1501/2046/1456 419/2018/1426 420/2017/1425
f 585/2037/1447 1500/2047/1457 420/2017/1425 68/2002/1410
f 584/2036/1446 1497/2043/1454 1500/2047/1457 585/2037/1447
f 583/2035/1445 1494/2040/1451 1497/2043/1454 584/2036/1446
f 1503/2052/1462 1504/2053/1463 1507/2054/1464 1506/2055/1465
f 1504/2053/1463 1505/2056/1466 1508/2057/1467 1507/2054/1464
f 1506/2055/1465 1507/2054/1464 1510/2058/1468 1509/2059/1469
f 1507/2054/1464 1508/2057/1467 1511/2060/1470 1510/2058/1468
f 103/2061/1471 204/2062/1472 1503/2052/1473 207/2063/1474
f 204/2062/1475 203/2064/1476 1504/2053/1463 1503/2052/1462
f 203/2064/1476 202/2065/1477 1505/2056/1466 1504/2053/1463
f 202/2065/1477 64/2066/1478 589/2067/1479 1505/2056/1466
f 1505/2056/1466 589/2067/1479 590/2068/1480 1508/2057/1467
f 1508/2057/1467 590/2068/1480 591/2069/1481 1511/2060/1470
f 1511/2060/1470 591/2069/1481 66/2070/1444 211/2071/1443
f 1510/2058/1468 1511/2060/1470 211/2071/1443 212/2072/1442
f 1509/2059/1469 1510/2058/1468 212/2072/1442 213/2073/1441
f 205/2074/1482 1509/2059/1483 213/2073/1438 105/2075/1437
f 206/2076/1484 1506/2055/1484 1509/2059/1483 205/2074/1482
f 207/2063/1474 1503/2052/1473 1506/2055/1484 206/2076/1484
f 1512/2077/1485 1513/2078/1485 1516/2079/1486 1515/2080/1486
f 1513/2078/1485 1514/2081/1485 1517/2082/1486 1516/2079/1486
f 1515/2080/1486 1516/2079/1486 1519/2083/1487 1518/2084/1488
f 1516/2079/1486 1517/2082/1486 1520/2085/1487 1519/2083/1487
f 64/2066/1478 408/2086/1489 1512/2077/1485 589/2067/1479
f 408/2086/1489 407/2087/1489 1513/2078/1485 1512/2077/1485
f 407/2087/1489 406/2088/1489 1514/2081/1485 1513/2078/1485
f 406/2088/1489 63/1262/672 592/1273/683 1514/2081/1485
f 1514/2081/1485 592/1273/683 593/1283/697 1517/2082/1486
f 1517/2082/1486 593/1283/697 594/1281/695 1520/2085/1487
f 1520/2085/1487 594/1281/695 65/1282/696 412/2089/1461
f 1519/2083/1487 1520/2085/1487 412/2089/1461 413/2090/1460
f 1518/2084/1488 1519/2083/1487 413/2090/1460 414/2091/1459
f 591/2069/1481 1518/2084/1488 414/2091/1459 66/2070/1444
f 590/2068/1480 1515/2080/1486 1518/2084/1488 591/2069/1481
f 589/2067/1479 1512/2077/1485 1515/2080/1486 590/2068/1480
f 1521/2092/1490 1522/2093/1491 1525/2094/1492 1524/2095/1493
f 1522/2093/1491 1523/2096/1494 1526/2097/1495 1525/2094/1492
f 1524/2095/1493 1525/2094/1492 1528/2098/1496 1527/2099/1497
f 1525/2094/1492 1526/2097/1495 1529/2100/1498 1528/2098/1496
f 104/1102/494 397/1101/493 1521/2092/1499 195/2101/1500
f 397/1101/491 398/1100/490 1522/2093/1491 1521/2092/1490
f 398/1100/490 399/1099/489 1523/2096/1494 1522/2093/1491
f 399/1099/489 61/1098/488 595/2102/1501 1523/2096/1494
f 1523/2096/1494 595/2102/1501 596/2103/1502 1526/2097/1495
f 1526/2097/1495 596/2103/1502 597/2104/1503 1529/2100/1498
f 1529/2100/1498 597/2104/1503 64/2066/1478 202/2065/1477
f 1528/2098/1496 1529/2100/1498 202/2065/1477 203/2064/1476
f 1527/2099/1497 1528/2098/1496 203/2064/1476 204/2062/1475
f 193/2105/1504 1527/2099/1505 204/2062/1472 103/2061/1471
f 194/2106/1506 1524/2095/1507 1527/2099/1505 193/2105/1504
f 195/2101/1500 1521/2092/1499 1524/2095/1507 194/2106/1506
f 1530/2107/1508 1531/2108/1508 1534/2109/1509 1533/2110/1509
f 1531/2108/1508 1532/2111/1508 1535/2112/1509 1534/2109/1509
f 1533/2110/1509 1534/2109/1509 1537/2113/1510 1536/2114/1511
f 1534/2109/1509 1535/2112/1509 1538/2115/1511 1537/2113/1510
f 61/1098/488 400/2116/1512 1530/2107/1508 595/2102/1501
f 400/2116/1512 401/2117/1512 1531/2108/1508 1530/2107/1508
f 401/2117/1512 402/2118/1512 1532/2111/1508 1531/2108/1508
f 402/2118/1512 62/1248/653 598/1250/655 1532/2111/1508
f 1532/2111/1508 598/1250/655 599/1263/673 1535/2112/1509
f 1535/2112/1509 599/1263/673 600/1261/671 1538/2115/1511
f 1538/2115/1511 600/1261/671 63/1262/672 406/2088/1489
f 1537/2113/1510 1538/2115/1511 406/2088/1489 407/2087/1489
f 1536/2114/1511 1537/2113/1510 407/2087/1489 408/2086/1489
f 597/2104/1503 1536/2114/1511 408/2086/1489 64/2066/1478
f 596/2103/1502 1533/2110/1509 1536/2114/1511 597/2104/1503
f 595/2102/1501 1530/2107/1508 1533/2110/1509 596/2103/1502
f 1539/2119/1513 1540/2120/1514 1543/2121/1515 1542/2122/1516
f 1540/2120/1514 1541/2123/1517 1544/2124/1518 1543/2121/1515
f 1542/2122/1516 1543/2121/1515 1546/2125/1519 1545/2126/1520
f 1543/2121/1515 1544/2124/1518 1547/2127/1521 1546/2125/1519
f 125/2128/1522 183/2129/1523 1539/2119/1524 186/2130/1525
f 183/2129/1526 182/2131/1527 1540/2120/1514 1539/2119/1513
f 182/2131/1527 181/2132/1528 1541/2123/1517 1540/2120/1514
f 181/2132/1528 58/2133/1529 601/2134/1530 1541/2123/1517
f 1541/2123/1517 601/2134/1530 602/2135/1531 1544/2124/1518
f 1544/2124/1518 602/2135/1531 603/2136/1532 1547/2127/1521
f 1547/2127/1521 603/2136/1532 60/2137/1533 190/2138/1534
f 1546/2125/1519 1547/2127/1521 190/2138/1534 191/2139/1535
f 1545/2126/1520 1546/2125/1519 191/2139/1535 192/2140/1536
f 184/2141/1537 1545/2126/1538 192/2140/1539 126/2142/1540
f 185/2143/1541 1542/2122/1542 1545/2126/1538 184/2141/1537
f 186/2130/1525 1539/2119/1524 1542/2122/1542 185/2143/1541
f 1548/2144/1543 1549/2145/1543 1552/2146/1544 1551/2147/1545
f 1549/2145/1543 1550/2148/1543 1553/2149/1546 1552/2146/1544
f 1551/2147/1545 1552/2146/1544 1555/2150/1547 1554/2151/1548
f 1552/2146/1544 1553/2149/1546 1556/2152/1549 1555/2150/1547
f 58/2133/1529 390/2153/1550 1548/2144/1543 601/2134/1530
f 390/2153/1550 389/2154/1551 1549/2145/1543 1548/2144/1543
f 389/2154/1551 388/2155/1551 1550/2148/1543 1549/2145/1543
f 388/2155/1551 57/1222/624 604/1233/635 1550/2148/1543
f 1550/2148/1543 604/1233/635 605/1238/643 1553/2149/1546
f 1553/2149/1546 605/1238/643 606/1237/642 1556/2152/1549
f 1556/2152/1549 606/1237/642 59/1123/517 394/2156/1552
f 1555/2150/1547 1556/2152/1549 394/2156/1552 395/2157/1553
f 1554/2151/1548 1555/2150/1547 395/2157/1553 396/2158/1554
f 603/2136/1532 1554/2151/1548 396/2158/1554 60/2137/1533
f 602/2135/1531 1551/2147/1545 1554/2151/1548 603/2136/1532
f 601/2134/1530 1548/2144/1543 1551/2147/1545 602/2135/1531
f 1557/2159/1555 1558/2160/1556 1561/2161/1557 1560/2162/1558
f 1558/2160/1556 1559/2163/1559 1562/2164/1560 1561/2161/1557
f 1560/2162/1558 1561/2161/1557 1564/2165/1561 1563/2166/1562
f 1561/2161/1557 1562/2164/1560 1565/2167/1563 1564/2165/1561
f 124/2168/1564 174/2169/1565 1557/2159/1566 177/2170/1566
f 174/2169/1567 173/2171/1568 1558/2160/1556 1557/2159/1555
f 173/2171/1568 172/2172/1569 1559/2163/1559 1558/2160/1556
f 172/2172/1569 56/2173/1570 607/2174/1571 1559/2163/1559
f 1559/2163/1559 607/2174/1571 608/2175/1572 1562/2164/1560
f 1562/2164/1560 608/2175/1572 609/2176/1573 1565/2167/1563
f 1565/2167/1563 609/2176/1573 58/2133/1529 181/2132/1528
f 1564/2165/1561 1565/2167/1563 181/2132/1528 182/2131/1527
f 1563/2166/1562 1564/2165/1561 182/2131/1527 183/2129/1526
f 175/2177/1574 1563/2166/1575 183/2129/1523 125/2128/1522
f 176/2178/1576 1560/2162/1577 1563/2166/1575 175/2177/1574
f 177/2170/1566 1557/2159/1566 1560/2162/1577 176/2178/1576
f 1566/2179/1578 1567/2180/1578 1570/2181/1579 1569/2182/1579
f 1567/2180/1578 1568/2183/1578 1571/2184/1579 1570/2181/1579
f 1569/2182/1579 1570/2181/1579 1573/2185/1580 1572/2186/1580
f 1570/2181/1579 1571/2184/1579 1574/2187/1580 1573/2185/1580
f 56/2173/1570 384/2188/1581 1566/2179/1578 607/2174/1571
f 384/2188/1581 383/2189/1582 1567/2180/1578 1566/2179/1578
f 383/2189/1582 382/2190/1581 1568/2183/1578 1567/2180/1578
f 382/2190/1581 55/1202/602 610/1213/613 1568/2183/1578
f 1568/2183/1578 610/1213/613 611/1223/625 1571/2184/1579
f 1571/2184/1579 611/1223/625 612/1221/623 1574/2187/1580
f 1574/2187/1580 612/1221/623 57/1222/624 388/2155/1551
f 1573/2185/1580 1574/2187/1580 388/2155/1551 389/2154/1551
f 1572/2186/1580 1573/2185/1580 389/2154/1551 390/2153/1550
f 609/2176/1573 1572/2186/1580 390/2153/1550 58/2133/1529
f 608/2175/1572 1569/2182/1579 1572/2186/1580 609/2176/1573
f 607/2174/1571 1566/2179/1578 1569/2182/1579 608/2175/1572
f 1575/2191/1583 1576/2192/1584 1579/2193/1585 1578/2194/1586
f 1576/2192/1584 1577/2195/1587 1580/2196/1588 1579/2193/1585
f 1578/2194/1586 1579/2193/1585 1582/2197/1589 1581/2198/1590
f 1579/2193/1585 1580/2196/1588 1583/2199/1591 1582/2197/1589
f 123/2200/1592 165/2201/1593 1575/2191/1594 168/2202/1594
f 165/2201/1595 164/2203/1596 1576/2192/1584 1575/2191/1583
f 164/2203/1596 163/2204/1597 1577/2195/1587 1576/2192/1584
f 163/2204/1597 54/2205/1598 613/2206/1599 1577/2195/1587
f 1577/2195/1587 613/2206/1599 614/2207/1600 1580/2196/1588
f 1580/2196/1588 614/2207/1600 615/2208/1601 1583/2199/1591
f 1583/2199/1591 615/2208/1601 56/2173/1570 172/2172/1569
f 1582/2197/1589 1583/2199/1591 172/2172/1569 173/2171/1568
f 1581/2198/1590 1582/2197/1589 173/2171/1568 174/2169/1567
f 166/2209/1602 1581/2198/1603 174/2169/1565 124/2168/1564
f 167/2210/1604 1578/2194/1604 1581/2198/1603 166/2209/1602
f 168/2202/1594 1575/2191/1594 1578/2194/1604 167/2210/1604
f 1584/2211/1605 1585/2212/1606 1588/2213/1607 1587/2214/1608
f 1585/2212/1606 1586/2215/1609 1589/2216/1610 1588/2213/1607
f 1587/2214/1608 1588/2213/1607 1591/2217/1611 1590/2218/1612
f 1588/2213/1607 1589/2216/1610 1592/2219/1612 1591/2217/1611
f 54/2205/1598 378/2220/1613 1584/2211/1605 613/2206/1599
f 378/2220/1613 377/2221/1614 1585/2212/1606 1584/2211/1605
f 377/2221/1614 376/2222/1613 1586/2215/1609 1585/2212/1606
f 376/2222/1613 53/1188/579 616/1190/590 1586/2215/1609
f 1586/2215/1609 616/1190/590 617/1203/603 1589/2216/1610
f 1589/2216/1610 617/1203/603 618/1201/601 1592/2219/1612
f 1592/2219/1612 618/1201/601 55/1202/602 382/2190/1581
f 1591/2217/1611 1592/2219/1612 382/2190/1581 383/2189/1582
f 1590/2218/1612 1591/2217/1611 383/2189/1582 384/2188/1581
f 615/2208/1601 1590/2218/1612 384/2188/1581 56/2173/1570
f 614/2207/1600 1587/2214/1608 1590/2218/1612 615/2208/1601
f 613/2206/1599 1584/2211/1605 1587/2214/1608 614/2207/1600
f 1593/2223/1615 1594/2224/1616 1597/2225/1617 1596/2226/1618
f 1594/2224/1616 1595/2227/1619 1598/2228/1620 1597/2225/1617
f 1596/2226/1618 1597/2225/1617 1600/2229/1621 1599/2230/1622
f 1597/2225/1617 1598/2228/1620 1601/2231/1623 1600/2229/1621
f 121/2232/1624 156/2233/1625 1593/2223/1626 159/2234/1627
f 156/2233/1628 155/2235/1629 1594/2224/1616 1593/2223/1615
f 155/2235/1629 154/2236/1630 1595/2227/1619 1594/2224/1616
f 154/2236/1630 52/2237/1631 619/2238/1632 1595/2227/1619
f 1595/2227/1619 619/2238/1632 620/2239/1633 1598/2228/1620
f 1598/2228/1620 620/2239/1633 621/2240/1634 1601/2231/1623
f 1601/2231/1623 621/2240/1634 54/2241/1598 163/2242/1597
f 1600/2229/1621 1601/2231/1623 163/2242/1597 164/2243/1596
f 1599/2230/1622 1600/2229/1621 164/2243/1596 165/2244/1595
f 157/2245/1635 1599/2230/1635 165/2244/1593 123/2246/1592
f 158/2247/1636 1596/2226/1636 1599/2230/1635 157/2245/1635
f 159/2234/1627 1593/2223/1626 1596/2226/1636 158/2247/1636
f 1602/2248/1637 1603/2249/1637 1606/2250/1638 1605/2251/1638
f 1603/2249/1637 1604/2252/1637 1607/2253/1638 1606/2250/1638
f 1605/2251/1638 1606/2250/1638 1609/2254/1639 1608/2255/1639
f 1606/2250/1638 1607/2253/1638 1610/2256/1639 1609/2254/1639
f 52/2237/1631 372/2257/1640 1602/2248/1637 619/2238/1632
f 372/2257/1640 371/2258/1640 1603/2249/1637 1602/2248/1637
f 371/2258/1640 370/2259/1640 1604/2252/1637 1603/2249/1637
f 370/2259/1640 51/1157/558 622/1168/569 1604/2252/1637
f 1604/2252/1637 622/1168/569 623/1178/580 1607/2253/1638
f 1607/2253/1638 623/1178/580 624/1176/578 1610/2256/1639
f 1610/2256/1639 624/1176/578 53/1177/579 376/2260/1613
f 1609/2254/1639 1610/2256/1639 376/2260/1613 377/2261/1614
f 1608/2255/1639 1609/2254/1639 377/2261/1614 378/2262/1613
f 621/2240/1634 1608/2255/1639 378/2262/1613 54/2241/1598
f 620/2239/1633 1605/2251/1638 1608/2255/1639 621/2240/1634
f 619/2238/1632 1602/2248/1637 1605/2251/1638 620/2239/1633
f 1611/2263/1641 1612/2264/1642 1615/2265/1643 1614/2266/1644
f 1612/2264/1642 1613/2267/1645 1616/2268/1646 1615/2265/1643
f 1614/2266/1644 1615/2265/1643 1618/2269/1647 1617/2270/1648
f 1615/2265/1643 1616/2268/1646 1619/2271/1649 1618/2269/1647
f 122/1588/1033 361/1590/1036 1611/2263/1650 147/2272/1651
f 361/1590/1046 362/1598/1045 1612/2264/1642 1611/2263/1641
f 362/1598/1045 363/1596/1043 1613/2267/1645 1612/2264/1642
f 363/1596/1043 49/1597/1044 625/2273/1652 1613/2267/1645
f 1613/2267/1645 625/2273/1652 626/2274/1653 1616/2268/1646
f 1616/2268/1646 626/2274/1653 627/2275/1654 1619/2271/1649
f 1619/2271/1649 627/2275/1654 52/2237/1631 154/2236/1630
f 1618/2269/1647 1619/2271/1649 154/2236/1630 155/2235/1629
f 1617/2270/1648 1618/2269/1647 155/2235/1629 156/2233/1628
f 145/2276/1655 1617/2270/1656 156/2233/1625 121/2232/1624
f 146/2277/1657 1614/2266/1658 1617/2270/1656 145/2276/1655
f 147/2272/1651 1611/2263/1650 1614/2266/1658 146/2277/1657
f 1620/2278/1659 1621/2279/1659 1624/2280/1660 1623/2281/1660
f 1621/2279/1659 1622/2282/1659 1625/2283/1660 1624/2280/1660
f 1623/2281/1660 1624/2280/1660 1627/2284/1661 1626/2285/1661
f 1624/2280/1660 1625/2283/1660 1628/2286/1661 1627/2284/1661
f 49/1597/1044 364/1608/1050 1620/2278/1659 625/2273/1652
f 364/1608/1050 365/1613/1050 1621/2279/1659 1620/2278/1659
f 365/1613/1050 366/1612/1050 1622/2282/1659 1621/2279/1659
f 366/1612/1050 50/1143/539 628/1145/541 1622/2282/1659
f 1622/2282/1659 628/1145/541 629/1158/559 1625/2283/1660
f 1625/2283/1660 629/1158/559 630/1156/557 1628/2286/1661
f 1628/2286/1661 630/1156/557 51/1157/558 370/2259/1640
f 1627/2284/1661 1628/2286/1661 370/2259/1640 371/2258/1640
f 1626/2285/1661 1627/2284/1661 371/2258/1640 372/2257/1640
f 627/2275/1654 1626/2285/1661 372/2257/1640 52/2237/1631
f 626/2274/1653 1623/2281/1660 1626/2285/1661 627/2275/1654
f 625/2273/1652 1620/2278/1659 1623/2281/1660 626/2274/1653
f 1629/2287/1662 1630/2288/1663 1633/2289/1664 1632/2290/1665
f 1630/2288/1663 1631/2291/1666 1634/2292/1667 1633/2289/1664
f 1632/2290/1665 1633/2289/1664 1636/2293/1668 1635/2294/1669
f 1633/2289/1664 1634/2292/1667 1637/2295/1670 1636/2293/1668
f 132/1342/761 348/2296/1671 1629/2287/1672 427/1343/762
f 348/2296/1671 347/2297/1673 1630/2288/1673 1629/2287/1672
f 347/2297/1673 346/2298/1674 1631/2291/1675 1630/2288/1673
f 346/2298/1674 126/2142/1540 192/2140/1539 1631/2291/1675
f 1631/2291/1666 192/2140/1536 191/2139/1535 1634/2292/1667
f 1634/2292/1667 191/2139/1535 190/2138/1534 1637/2295/1670
f 1637/2295/1670 190/2138/1534 60/2137/1533 631/2299/1676
f 1636/2293/1668 1637/2295/1670 631/2299/1676 632/2300/1677
f 1635/2294/1669 1636/2293/1668 632/2300/1677 633/2301/1678
f 429/1345/765 1635/2294/1669 633/2301/1678 71/1347/767
f 428/1344/764 1632/2290/1665 1635/2294/1669 429/1345/765
f 427/1343/763 1629/2287/1662 1632/2290/1665 428/1344/764
f 1638/2302/1679 1639/2303/1680 1642/2304/1680 1641/2305/1681
f 1639/2303/1680 1640/2306/1682 1643/2307/1683 1642/2304/1680
f 1641/2305/1681 1642/2304/1680 1645/2308/1680 1644/2309/1679
f 1642/2304/1680 1643/2307/1683 1646/2310/1682 1645/2308/1680
f 71/1347/767 633/2301/1678 1638/2302/1679 430/1985/1392
f 633/2301/1678 632/2300/1677 1639/2303/1680 1638/2302/1679
f 632/2300/1677 631/2299/1676 1640/2306/1682 1639/2303/1680
f 631/2299/1676 60/2137/1533 396/2158/1554 1640/2306/1682
f 1640/2306/1682 396/2158/1554 395/2157/1553 1643/2307/1683
f 1643/2307/1683 395/2157/1553 394/2156/1552 1646/2310/1682
f 1646/2310/1682 394/2156/1552 59/1123/517 634/1122/516
f 1645/2308/1680 1646/2310/1682 634/1122/516 635/1121/515
f 1644/2309/1679 1645/2308/1680 635/1121/515 636/1119/513
f 432/1987/1394 1644/2309/1679 636/1119/513 72/1118/512
f 431/1986/1393 1641/2305/1681 1644/2309/1679 432/1987/1394
f 430/1985/1392 1638/2302/1679 1641/2305/1681 431/1986/1393
f 1647/2311/1684 1648/2312/1685 1651/2313/1686 1650/2314/1687
f 1648/2312/1685 1649/2315/1688 1652/2316/1689 1651/2313/1686
f 1650/2314/1687 1651/2313/1686 1654/2317/1690 1653/2318/1691
f 1651/2313/1686 1652/2316/1689 1655/2319/1692 1654/2317/1690
f 134/1930/1340 351/2320/1693 1647/2311/1694 433/1931/1341
f 351/2320/1693 350/2321/1695 1648/2312/1695 1647/2311/1694
f 350/2321/1695 349/2322/1696 1649/2315/1697 1648/2312/1695
f 349/2322/1696 127/1253/659 198/1252/658 1649/2315/1697
f 1649/2315/1688 198/1252/657 197/1251/656 1652/2316/1689
f 1652/2316/1689 197/1251/656 196/1249/654 1655/2319/1692
f 1655/2319/1692 196/1249/654 62/1248/653 637/2323/1698
f 1654/2317/1690 1655/2319/1692 637/2323/1698 638/2324/486
f 1653/2318/1691 1654/2317/1690 638/2324/486 639/2325/1699
f 435/1934/1346 1653/2318/1691 639/2325/1699 73/1935/1347
f 434/1933/1345 1650/2314/1687 1653/2318/1691 435/1934/1346
f 433/1931/1344 1647/2311/1684 1650/2314/1687 434/1933/1345
f 1656/2326/1700 1657/2327/486 1660/2328/486 1659/2329/1700
f 1657/2327/486 1658/2330/1701 1661/2331/1701 1660/2328/486
f 1659/2329/1700 1660/2328/486 1663/2332/486 1662/2333/1700
f 1660/2328/486 1661/2331/1701 1664/2334/1701 1663/2332/486
f 73/1935/1347 639/2325/1699 1656/2326/1700 436/1950/1359
f 639/2325/1699 638/2324/486 1657/2327/486 1656/2326/1700
f 638/2324/486 637/2323/1698 1658/2330/1701 1657/2327/486
f 637/2323/1698 62/1248/653 402/2118/1512 1658/2330/1701
f 1658/2330/1701 402/2118/1512 401/2117/1512 1661/2331/1701
f 1661/2331/1701 401/2117/1512 400/2116/1512 1664/2334/1701
f 1664/2334/1701 400/2116/1512 61/1098/488 640/1097/487
f 1663/2332/486 1664/2334/1701 640/1097/487 641/1096/486
f 1662/2333/1700 1663/2332/486 641/1096/486 642/1094/484
f 438/1952/1359 1662/2333/1700 642/1094/484 74/1093/483
f 437/1951/1359 1659/2329/1700 1662/2333/1700 438/1952/1359
f 436/1950/1359 1656/2326/1700 1659/2329/1700 437/1951/1359
f 1665/2335/1702 1666/2336/1703 1669/2337/1704 1668/2338/1705
f 1666/2336/1703 1667/2339/1706 1670/2340/1707 1669/2337/1704
f 1668/2338/1705 1669/2337/1704 1672/2341/1708 1671/2342/1709
f 1669/2337/1704 1670/2340/1707 1673/2343/1710 1672/2341/1708
f 144/1552/993 345/2344/1711 1665/2335/1711 499/1553/994
f 345/2344/1711 344/2345/1712 1666/2336/1712 1665/2335/1711
f 344/2345/1712 343/2346/1713 1667/2339/1713 1666/2336/1712
f 343/2346/1713 138/1800/1223 288/1798/1222 1667/2339/1713
f 1667/2339/1706 288/1798/1219 287/1797/1218 1670/2340/1707
f 1670/2340/1707 287/1797/1218 286/1796/1217 1673/2343/1710
f 1673/2343/1710 286/1796/1217 84/1795/1216 643/2347/1714
f 1672/2341/1708 1673/2343/1710 643/2347/1714 644/2348/1715
f 1671/2342/1709 1672/2341/1708 644/2348/1715 645/2349/1716
f 501/1555/997 1671/2342/1709 645/2349/1716 95/1557/999
f 500/1554/996 1668/2338/1705 1671/2342/1709 501/1555/997
f 499/1553/995 1665/2335/1702 1668/2338/1705 500/1554/996
f 1674/2350/1717 1675/2351/1718 1678/2352/1719 1677/2353/1720
f 1675/2351/1718 1676/2354/1721 1679/2355/1722 1678/2352/1719
f 1677/2353/1720 1678/2352/1719 1681/2356/1723 1680/2357/1724
f 1678/2352/1719 1679/2355/1722 1682/2358/1725 1681/2356/1723
f 95/1557/999 645/2349/1716 1674/2350/1717 502/1646/1084
f 645/2349/1716 644/2348/1715 1675/2351/1718 1674/2350/1717
f 644/2348/1715 643/2347/1714 1676/2354/1721 1675/2351/1718
f 643/2347/1714 84/1795/1216 468/1816/1233 1676/2354/1721
f 1676/2354/1721 468/1816/1233 467/1815/1233 1679/2355/1722
f 1679/2355/1722 467/1815/1233 466/1814/1232 1682/2358/1725
f 1682/2358/1725 466/1814/1232 83/1073/461 646/1072/460
f 1681/2356/1723 1682/2358/1725 646/1072/460 647/1071/459
f 1680/2357/1724 1681/2356/1723 647/1071/459 648/1069/457
f 504/1648/1085 1680/2357/1724 648/1069/457 96/1068/456
f 503/1647/1085 1677/2353/1720 1680/2357/1724 504/1648/1085
f 502/1646/1084 1674/2350/1717 1677/2353/1720 503/1647/1085
